framecount,velocity,heading,gain_v,gain_h,cumulative tail angle,pt_0,pt_1,pt_2,pt_3,pt_4,pt_5
1,0.0,0.0,1.0,1.0,-1.1112352333279554,[  0 276],[ 49 279],[ 93 256],[142 247],[190 236],[238 222]
2,0.0,-0.15153207727199391,1.0,1.0,-0.9907345659772446,[  0 276],[ 49 279],[ 93 256],[142 253],[190 242],[238 228]
3,0.0,-0.32884459745683087,1.0,1.0,-0.9907345659772446,[  0 276],[ 49 285],[ 93 262],[142 253],[190 242],[238 228]
4,0.0,-0.5098158407754675,1.0,1.0,-0.9021791924604217,[  0 276],[ 49 279],[ 93 256],[142 259],[186 236],[235 233]
5,0.0,-0.6813716856727632,1.0,1.0,-0.9316997215386421,[  0 276],[ 49 279],[ 90 251],[139 255],[184 233],[233 232]
6,0.0,-0.8433644087607624,1.0,1.0,-0.8011146871161265,[  0 276],[ 49 274],[ 97 264],[138 235],[187 232],[236 238]
7,0.0,-0.9898519806811203,1.0,1.0,-0.7548544790504876,[  0 276],[ 49 268],[ 97 257],[143 238],[192 228],[240 239]
8,0.0,-1.120861543077659,1.0,1.0,-0.9322123803601784,[  0 276],[ 49 274],[ 96 258],[140 234],[187 219],[235 231]
9,0.0,-1.2436548823678204,1.0,1.0,-0.9900560129275089,[  0 276],[ 49 274],[ 94 252],[140 233],[187 217],[235 228]
10,0.0,-1.3598177341180862,1.0,1.0,-1.2127523455729303,[  0 276],[ 49 279],[ 93 256],[136 231],[183 214],[232 218]
11,0.0,-1.4746501678174853,1.0,1.0,-1.2876653178314474,[  0 276],[ 49 279],[ 96 262],[139 237],[184 215],[233 214]
12,0.0,-1.5884373912463545,1.0,1.0,-1.4091570417490733,[  0 276],[ 49 279],[ 96 262],[139 237],[184 215],[233 208]
13,0.0,-1.7023779545013558,1.0,1.0,-1.3395418902249647,[  0 276],[ 49 279],[ 93 256],[139 236],[186 219],[235 211]
14,0.0,-1.8136021164450162,1.0,1.0,-1.4614985681948696,[  0 276],[ 49 279],[ 93 256],[139 236],[186 219],[234 205]
15,0.0,-1.9235553059010893,1.0,1.0,-1.42351728148409,[  0 276],[ 49 279],[ 93 256],[141 242],[186 220],[234 207]
16,0.0,-2.030600618156556,1.0,1.0,-1.2994452007883688,[  0 276],[ 49 274],[ 97 264],[141 240],[188 225],[236 213]
17,0.0,-2.132178077755931,1.0,1.0,-1.2958107067338376,[  0 276],[ 49 274],[ 96 258],[142 240],[189 225],[237 213]
18,0.0,-2.228255967525322,1.0,1.0,-1.3150077833728089,[  0 276],[ 49 274],[ 96 258],[144 245],[189 224],[237 212]
19,0.0,-2.3192166734635205,1.0,1.0,-1.2654768524604454,[  0 276],[ 49 279],[ 93 256],[142 247],[186 224],[235 215]
20,0.0,-2.4044882553370455,1.0,1.0,-1.2654768524604454,[  0 276],[ 49 279],[ 93 256],[142 247],[186 224],[235 215]
21,0.0,-2.49926437775562,1.0,1.0,-1.2889152074687191,[  0 276],[ 49 279],[ 96 262],[144 248],[189 226],[237 213]
22,0.0,-2.587847397783516,1.0,1.0,-1.2654768524604454,[  0 276],[ 49 279],[ 93 256],[142 247],[186 224],[235 215]
23,0.0,-2.6721239017154654,1.0,1.0,-1.296917901678426,[  0 276],[ 49 279],[ 93 256],[141 242],[188 226],[236 213]
24,0.0,-2.752914132594981,1.0,1.0,-1.2702216578921512,[  0 276],[ 49 279],[ 96 262],[142 243],[189 227],[237 214]
25,0.0,-2.8313785579231547,1.0,1.0,-1.2654768524604454,[  0 276],[ 49 279],[ 93 256],[142 247],[186 224],[235 215]
26,0.0,-2.907261360006792,1.0,1.0,-1.2471214643180508,[  0 276],[ 49 279],[ 93 256],[142 253],[186 230],[234 216]
27,0.0,-2.9823276361355795,1.0,1.0,-1.220425220531776,[  0 276],[ 49 279],[ 93 256],[142 253],[189 236],[235 217]
28,0.0,-3.056918397272858,1.0,1.0,-1.1125193903026798,[  0 276],[ 49 279],[ 93 256],[142 253],[189 236],[237 222]
29,0.0,-3.1271869120786913,1.0,1.0,-1.1125193903026798,[  0 276],[ 49 279],[ 93 256],[142 253],[189 236],[237 222]
30,0.0,-3.192737335230019,1.0,1.0,-1.0226798598111324,[  0 276],[ 49 279],[ 93 256],[142 259],[186 236],[235 227]
31,0.0,-3.249736731470838,1.0,1.0,-1.0226798598111324,[  0 276],[ 49 279],[ 93 256],[142 259],[186 236],[235 227]
32,0.0,-3.2979409263531236,1.0,1.0,-1.0226798598111324,[  0 276],[ 49 279],[ 93 256],[142 259],[186 236],[235 227]
33,0.0,-3.336492778310593,1.0,1.0,-1.1125193903026798,[  0 276],[ 49 285],[ 93 262],[142 253],[189 236],[237 222]
34,0.0,-3.368444155091171,1.0,1.0,-1.098640396206341,[  0 276],[ 49 285],[ 93 262],[142 253],[190 242],[236 223]
35,0.0,-3.3925427952736706,1.0,1.0,-1.1594277926695267,[  0 276],[ 49 285],[ 90 257],[139 255],[186 239],[232 221]
36,0.0,-3.4108494296830174,1.0,1.0,-1.162315827663055,[  0 276],[ 49 279],[ 96 262],[144 248],[191 232],[239 219]
37,0.0,-3.425621878603442,1.0,1.0,-1.1719722017892558,[  0 276],[ 49 285],[ 90 257],[139 249],[186 233],[234 220]
38,0.0,-3.437362670736402,1.0,1.0,-1.258220329792269,[  0 276],[ 49 285],[ 96 268],[142 249],[189 233],[235 215]
39,0.0,-3.447261743762994,1.0,1.0,-1.1497209905414405,[  0 276],[ 49 285],[ 96 268],[142 249],[189 233],[237 220]
40,0.0,-3.454682412033728,1.0,1.0,-1.1314175431516045,[  0 276],[ 49 285],[ 96 268],[142 249],[191 239],[237 221]
41,0.0,-3.4596003926074563,1.0,1.0,-1.0418151603123444,[  0 276],[ 49 285],[ 96 268],[144 254],[191 238],[239 225]
42,0.0,-3.4607017379405316,1.0,1.0,-0.9192238323672757,[  0 276],[ 49 285],[ 96 268],[144 254],[191 238],[240 231]
43,0.0,-3.4569813288784204,1.0,1.0,-1.055282106050626,[  0 276],[ 49 285],[ 90 257],[139 261],[184 239],[232 226]
44,0.0,-3.450304105245213,1.0,1.0,-0.9326907781055572,[  0 276],[ 49 285],[ 90 257],[139 261],[184 239],[233 232]
45,0.0,-3.4396312081270257,1.0,1.0,-0.992018722951969,[  0 276],[ 49 285],[ 93 262],[142 259],[189 242],[237 228]
46,0.0,-3.4261995998899213,1.0,1.0,-0.9905627123327749,[  0 276],[ 49 285],[ 93 262],[142 253],[189 236],[238 228]
47,0.0,-3.4104905185109367,1.0,1.0,-1.1125193903026798,[  0 276],[ 49 285],[ 93 262],[142 253],[189 236],[237 222]
48,0.0,-3.3947380922996446,1.0,1.0,-1.1125193903026798,[  0 276],[ 49 285],[ 93 262],[142 253],[189 236],[237 222]
49,0.0,-3.3804177048348336,1.0,1.0,-1.2191410635570514,[  0 276],[ 49 279],[ 93 256],[142 247],[190 236],[236 217]
50,0.0,-3.3688531026839286,1.0,1.0,-1.2330200576533905,[  0 276],[ 49 279],[ 93 256],[142 247],[189 230],[237 216]
51,0.0,-3.361208103426409,1.0,1.0,-1.2330200576533905,[  0 276],[ 49 279],[ 93 256],[142 247],[189 230],[237 216]
52,0.0,-3.3571263795265134,1.0,1.0,-1.2191410635570514,[  0 276],[ 49 279],[ 93 256],[142 247],[190 236],[236 217]
53,0.0,-3.356094737850416,1.0,1.0,-1.1866842687499966,[  0 276],[ 49 279],[ 96 262],[144 248],[192 237],[238 218]
54,0.0,-3.356168221032791,1.0,1.0,-1.0787784385209003,[  0 276],[ 49 279],[ 96 262],[144 248],[192 237],[240 223]
55,0.0,-3.3559641790483306,1.0,1.0,-0.9568217605509954,[  0 276],[ 49 279],[ 96 262],[144 248],[192 237],[241 229]
56,0.0,-3.3530158768062956,1.0,1.0,-0.9993869562352974,[  0 276],[ 49 279],[ 93 256],[142 253],[183 225],[232 229]
57,0.0,-3.348113844703158,1.0,1.0,-1.0573400471717804,[  0 276],[ 49 279],[ 93 256],[141 242],[186 220],[235 225]
58,0.0,-3.3420942861373404,1.0,1.0,-1.1739582521844378,[  0 276],[ 49 279],[ 93 256],[141 242],[183 215],[232 220]
59,0.0,-3.335472931837399,1.0,1.0,-1.3057674609545586,[  0 276],[ 49 279],[ 93 256],[139 236],[184 214],[233 213]
60,0.0,-3.331581425252177,1.0,1.0,-1.4225677957648521,[  0 276],[ 49 274],[ 96 258],[140 234],[182 208],[231 208]
61,0.0,-3.3320139227103374,1.0,1.0,-1.5498661225037065,[  0 276],[ 49 274],[ 96 258],[140 234],[185 213],[233 201]
62,0.0,-3.339335069884002,1.0,1.0,-1.6778751811769033,[  0 276],[ 49 274],[ 96 258],[140 234],[185 213],[231 195]
63,0.0,-3.3563359038892826,1.0,1.0,-1.6778751811769033,[  0 276],[ 49 274],[ 96 258],[140 234],[185 213],[231 195]
64,0.0,-3.3802811131003505,1.0,1.0,-1.6778751811769033,[  0 276],[ 49 274],[ 96 258],[140 234],[185 213],[231 195]
65,0.0,-3.41221109060684,1.0,1.0,-1.6778751811769033,[  0 276],[ 49 274],[ 96 258],[140 234],[185 213],[231 195]
66,0.0,-3.4505909309521705,1.0,1.0,-1.7865511369317038,[  0 276],[ 49 274],[ 96 258],[140 234],[185 213],[229 190]
67,0.0,-3.496336082510638,1.0,1.0,-1.7865511369317038,[  0 276],[ 49 274],[ 96 258],[140 234],[185 213],[229 190]
68,0.0,-3.5471139259269138,1.0,1.0,-1.7673974335402156,[  0 276],[ 49 274],[ 96 258],[142 240],[185 214],[229 191]
69,0.0,-3.6022057568949486,1.0,1.0,-1.6778751811769033,[  0 276],[ 49 274],[ 96 258],[140 234],[185 213],[231 195]
70,0.0,-3.6585447048334325,1.0,1.0,-1.5384428743628864,[  0 276],[ 49 274],[ 96 258],[137 229],[184 214],[232 202]
71,0.0,-3.7139267868235475,1.0,1.0,-1.4314868391825062,[  0 276],[ 49 274],[ 94 252],[138 228],[183 207],[232 207]
72,0.0,-3.7669804992899585,1.0,1.0,-1.4548495265993537,[  0 276],[ 49 268],[ 96 252],[133 218],[182 208],[231 207]
73,0.0,-3.818425353300909,1.0,1.0,-1.5476134628970228,[  0 276],[ 49 274],[ 94 252],[131 218],[178 203],[227 203]
74,0.0,-3.8701151641401412,1.0,1.0,-1.676066514790796,[  0 276],[ 49 274],[ 91 247],[131 218],[176 197],[225 197]
75,0.0,-3.9252507386703965,1.0,1.0,-1.79192808379948,[  0 276],[ 49 274],[ 91 247],[128 213],[173 192],[222 192]
76,0.0,-3.986761801742199,1.0,1.0,-1.9129718321700377,[  0 276],[ 49 268],[ 91 241],[128 207],[173 186],[222 186]
77,0.0,-4.05513892557022,1.0,1.0,-2.040909378151176,[  0 276],[ 48 262],[ 90 235],[130 206],[175 185],[224 179]
78,0.0,-4.130712256290868,1.0,1.0,-2.1537644700505,[  0 276],[ 48 262],[ 90 235],[134 211],[176 185],[224 173]
79,0.0,-4.212776278098721,1.0,1.0,-2.206627051762909,[  0 276],[ 49 268],[ 87 236],[130 212],[172 185],[220 172]
80,0.0,-4.299664383253247,1.0,1.0,-2.2050428330857628,[  0 276],[ 49 268],[ 87 236],[133 217],[172 185],[220 172]
81,0.0,-4.389323683902647,1.0,1.0,-2.0892561027779504,[  0 276],[ 49 268],[ 87 236],[133 217],[175 190],[223 177]
82,0.0,-4.478187456951295,1.0,1.0,-2.095423911295584,[  0 276],[ 49 274],[ 87 242],[133 223],[175 196],[221 177]
83,0.0,-4.5646665514971385,1.0,1.0,-2.095423911295584,[  0 276],[ 49 274],[ 87 242],[133 223],[175 196],[221 177]
84,0.0,-4.648977756494979,1.0,1.0,-2.0308308531253774,[  0 276],[ 49 274],[ 94 252],[138 228],[180 202],[224 179]
85,0.0,-4.730437338383222,1.0,1.0,-2.0411461088927543,[  0 276],[ 49 274],[ 87 242],[135 229],[177 203],[221 180]
86,0.0,-4.809445198205023,1.0,1.0,-1.932470153137954,[  0 276],[ 49 274],[ 87 242],[135 229],[177 203],[223 185]
87,0.0,-4.8832603300822,1.0,1.0,-1.9668685214099673,[  0 276],[ 49 274],[ 91 247],[137 228],[179 201],[225 182]
88,0.0,-4.952823868849792,1.0,1.0,-1.922154897370577,[  0 276],[ 49 274],[ 94 252],[138 228],[180 202],[226 184]
89,0.0,-5.018173778599834,1.0,1.0,-1.950287766660033,[  0 276],[ 49 274],[ 94 252],[134 223],[181 207],[225 183]
90,0.0,-5.08129750453828,1.0,1.0,-1.922154897370577,[  0 276],[ 49 274],[ 94 252],[138 228],[180 202],[226 184]
91,0.0,-5.143915146614244,1.0,1.0,-1.8834805461845732,[  0 276],[ 49 279],[ 96 262],[136 232],[181 210],[225 186]
92,0.0,-5.2070038263242395,1.0,1.0,-1.6675464588917164,[  0 276],[ 49 274],[ 96 258],[140 234],[182 208],[230 196]
93,0.0,-5.267257584228222,1.0,1.0,-1.5287872188900582,[  0 276],[ 49 285],[ 90 257],[138 243],[185 227],[229 203]
94,0.0,-5.321777006268111,1.0,1.0,-1.5237735465996167,[  0 276],[ 49 279],[ 96 262],[144 248],[189 226],[233 202]
95,0.0,-5.369263394919949,1.0,1.0,-1.2869497665293514,[  0 276],[ 49 279],[ 97 268],[146 266],[191 244],[231 215]
96,0.0,-5.405546771186119,1.0,1.0,-0.30762596213565074,[  0 276],[ 47 291],[ 95 280],[144 272],[189 250],[237 261]
97,0.0,-5.416640578654895,1.0,1.0,-0.823984211284531,[  0 276],[ 45 297],[ 92 281],[141 274],[188 259],[232 236]
98,0.0,-5.410131424078328,1.0,1.0,0.11656427477502851,[  0 276],[ 45 297],[ 92 281],[140 268],[189 264],[235 281]
99,0.01059675225227532,-5.373254982488373,1.0,1.0,-0.5277045868771255,[  0 276],[ 47 291],[ 91 269],[140 273],[189 269],[235 251]
100,0.020230163390707427,-5.3168365474308805,1.0,1.0,-0.3662659412682616,[  0 276],[ 45 297],[ 87 270],[136 269],[185 277],[231 259]
101,0.02898780988019116,-5.2404728306720125,1.0,1.0,-0.3662659412682616,[  0 276],[ 45 297],[ 87 270],[136 269],[185 277],[231 259]
102,0.03694930668881274,-5.147555949597909,1.0,1.0,-0.3597486065126907,[  0 276],[ 45 297],[ 87 270],[136 263],[185 271],[233 259]
103,0.044187031060286895,-5.039417758101686,1.0,1.0,-0.3597486065126907,[  0 276],[ 45 297],[ 87 270],[136 263],[185 271],[233 259]
104,0.050766780488899765,-4.91744201167626,1.0,1.0,-0.4999564735342844,[  0 276],[ 45 297],[ 87 270],[136 263],[185 259],[234 252]
105,0.05674837087854783,-4.785679409749632,1.0,1.0,-0.5341265108897363,[  0 276],[ 47 291],[ 91 269],[138 285],[177 253],[226 252]
106,0.062186180323682436,-4.645344958934474,1.0,1.0,-0.5341265108897363,[  0 276],[ 47 291],[ 91 269],[138 285],[177 253],[226 252]
107,0.06712964345562299,-4.498699863071854,1.0,1.0,-0.5435602421730585,[  0 276],[ 47 291],[ 89 263],[136 279],[183 263],[231 250]
108,0.07162370084829621,-4.345977390298061,1.0,1.0,-0.7091714014784769,[  0 276],[ 45 297],[ 87 270],[136 275],[178 249],[227 243]
109,0.07570920756890824,-4.190598094650629,1.0,1.0,-0.6982446602350167,[  0 276],[ 45 297],[ 87 270],[135 281],[178 255],[226 243]
110,0.07942330458764645,-4.032270874428987,1.0,1.0,-0.6662847479985965,[  0 276],[ 47 291],[ 89 263],[137 273],[184 257],[232 244]
111,0.082799756422863,-3.871211535826966,1.0,1.0,-0.6726902231906168,[  0 276],[ 45 297],[ 92 281],[138 263],[187 260],[234 243]
112,0.08586925809124168,-3.708283178147939,1.0,1.0,-0.682731530627797,[  0 276],[ 47 291],[ 91 269],[140 261],[189 256],[237 243]
113,0.08865971415340412,-3.546737194872497,1.0,1.0,-0.7881188255094678,[  0 276],[ 47 291],[ 91 269],[140 267],[187 251],[235 238]
114,0.09119649239173361,-3.3897771865305417,1.0,1.0,-0.7881188255094678,[  0 276],[ 47 291],[ 91 269],[140 267],[187 251],[235 238]
115,0.0935026544265786,-3.2370546145684442,1.0,1.0,-0.7719246454926567,[  0 276],[ 47 291],[ 89 263],[138 267],[187 257],[233 239]
116,0.09559916536734676,-3.0911928429524007,1.0,1.0,-0.7719246454926567,[  0 276],[ 47 291],[ 89 263],[138 267],[187 257],[233 239]
117,0.09750508440440873,-2.964922578074502,1.0,1.0,-0.7881188255094678,[  0 276],[ 47 291],[ 91 269],[140 267],[187 251],[235 238]
118,0.09923773807446508,-2.849642354743116,1.0,1.0,-0.7738936589347583,[  0 276],[ 47 291],[ 91 269],[140 267],[188 257],[234 239]
119,0.09021612552224098,-2.7569847599015347,1.0,1.0,-0.7738936589347583,[  0 276],[ 47 291],[ 91 269],[140 267],[188 257],[234 239]
120,0.08201465956567362,-2.6761077064827012,1.0,1.0,-0.7739286508259644,[  0 276],[ 47 291],[ 91 269],[140 273],[189 263],[233 239]
121,0.07455878142333966,-2.6081421494140944,1.0,1.0,-0.5360016077998091,[  0 276],[ 47 291],[ 95 280],[144 284],[191 268],[237 250]
122,0.06778071038485424,-2.548669856622609,1.0,1.0,-0.5355578210392136,[  0 276],[ 47 291],[ 95 280],[144 284],[193 274],[237 250]
123,0.06161882762259476,-2.497001534282984,1.0,1.0,-0.2545238704206175,[  0 276],[ 47 291],[ 96 292],[142 273],[189 287],[233 264]
124,0.05601711602054069,-2.4485954493911604,1.0,1.0,-0.1516381046719209,[  0 276],[ 49 285],[ 98 292],[144 273],[191 287],[237 269]
125,0.05092465092776426,-2.3998401217322884,1.0,1.0,0.04828701440457717,[  0 276],[ 47 291],[ 94 274],[143 272],[189 291],[237 278]
126,0.05068486578929271,-2.34757509397021,1.0,1.0,0.0833161789086278,[  0 276],[ 47 291],[ 94 274],[143 278],[192 286],[241 280]
127,0.05804107738237564,-2.291641759325615,1.0,1.0,0.0833161789086278,[  0 276],[ 47 291],[ 94 274],[143 278],[192 286],[241 280]
128,0.07230274054959902,-2.232244958452142,1.0,1.0,0.16591251263519072,[  0 276],[ 47 291],[ 94 274],[143 278],[191 291],[240 284]
129,0.1003508445775467,-2.166314904283799,1.0,1.0,0.0833161789086278,[  0 276],[ 47 291],[ 94 274],[143 278],[192 286],[241 280]
130,0.13342331904919258,-2.0957208435969825,1.0,1.0,0.04932650717387513,[  0 276],[ 47 291],[ 91 269],[140 273],[188 286],[237 279]
131,0.16797343285740474,-2.0217860894929793,1.0,1.0,-0.03247113790332812,[  0 276],[ 47 291],[ 91 269],[140 273],[189 275],[238 275]
132,0.1993826272285067,-1.9458424164172408,1.0,1.0,-0.15431357492324532,[  0 276],[ 47 291],[ 91 269],[140 273],[189 275],[238 269]
133,0.22793644029314486,-1.8695970142251435,1.0,1.0,-0.22140707711455676,[  0 276],[ 47 291],[ 94 274],[143 272],[192 267],[241 265]
134,0.25389445217008866,-1.7925551247542153,1.0,1.0,-0.22140707711455676,[  0 276],[ 47 291],[ 94 274],[143 272],[192 267],[241 265]
135,0.27749264478549207,-1.7147891559388955,1.0,1.0,-0.22140707711455676,[  0 276],[ 47 291],[ 94 274],[143 272],[192 267],[241 265]
136,0.29894554716313154,-1.6365857629016307,1.0,1.0,-0.058536190302287,[  0 276],[ 47 291],[ 94 274],[143 278],[192 274],[241 273]
137,0.31844818568825833,-1.5557637448424304,1.0,1.0,-0.08389037219806939,[  0 276],[ 47 291],[ 94 274],[143 278],[191 291],[237 272]
138,0.33617785707473724,-1.472686067698002,1.0,1.0,-0.00438184592068902,[  0 276],[ 49 285],[ 98 292],[146 279],[191 299],[235 276]
139,0.35229574015335446,-1.3866675637528751,1.0,1.0,0.45676820153540676,[  0 276],[ 47 291],[ 94 274],[142 284],[189 298],[238 298]
140,0.4084727430916798,-1.2916871711599849,1.0,1.0,0.2931240695233822,[  0 276],[ 47 291],[ 94 274],[143 278],[189 297],[238 290]
141,0.4861903884468285,-1.1907906407980482,1.0,1.0,0.16591251263519072,[  0 276],[ 47 291],[ 94 274],[143 278],[191 291],[240 284]
142,0.5719257490092537,-1.0894949660994466,1.0,1.0,0.18714591959830637,[  0 276],[ 47 291],[ 94 274],[143 278],[192 274],[240 285]
143,0.6475667107069423,-0.9875529380920244,1.0,1.0,0.08411486755798747,[  0 276],[ 47 291],[ 94 274],[143 278],[192 280],[241 280]
144,0.693192687666603,-0.8902605662037505,1.0,1.0,-0.04316704636574217,[  0 276],[ 49 285],[ 96 268],[145 272],[194 274],[243 274]
145,0.7248098432384601,-0.8003338046011446,1.0,1.0,-0.10465843953911481,[  0 276],[ 49 285],[ 97 274],[146 272],[195 267],[244 271]
146,0.7630671155346134,-0.720667822970735,1.0,1.0,-0.22644326386455,[  0 276],[ 49 285],[ 96 268],[145 266],[194 261],[243 265]
147,0.8184322052460754,-0.6524681957081786,1.0,1.0,-0.32725020477790145,[  0 276],[ 49 285],[ 96 268],[145 260],[194 261],[243 260]
148,0.8790857110935201,-0.5960671670652165,1.0,1.0,-0.4487419286955273,[  0 276],[ 49 285],[ 96 268],[145 260],[194 261],[243 254]
149,0.9191423061698161,-0.5531751561352152,1.0,1.0,-0.4697327394088439,[  0 276],[ 49 285],[ 96 268],[145 266],[194 261],[243 253]
150,0.94798319452021,-0.5217239950849977,1.0,1.0,-0.4697327394088439,[  0 276],[ 49 285],[ 96 268],[145 260],[194 255],[243 253]
151,0.9697179560047612,-0.5002101111291097,1.0,1.0,-0.4434166927417026,[  0 276],[ 47 291],[ 94 274],[142 260],[191 261],[240 254]
152,0.9894768300816259,-0.4862558378260986,1.0,1.0,-0.4487419286955273,[  0 276],[ 49 285],[ 96 268],[145 260],[194 261],[243 254]
153,1.0074394428787756,-0.47758506692025593,1.0,1.0,-0.32725020477790145,[  0 276],[ 49 285],[ 96 268],[145 260],[194 261],[243 260]
154,1.0237690908761845,-0.47114586329217184,1.0,1.0,-0.24178681468879526,[  0 276],[ 45 297],[ 90 275],[138 262],[187 264],[236 264]
155,1.0386142254192836,-0.4655699473244714,1.0,1.0,-0.3274220584223712,[  0 276],[ 49 285],[ 97 274],[145 260],[193 273],[241 260]
156,1.0521098022766464,-0.4619465916443957,1.0,1.0,-0.26805098050923204,[  0 276],[ 47 291],[ 95 280],[141 261],[190 269],[239 263]
157,1.0643785085106126,-0.46150965180169434,1.0,1.0,-0.3165542963154874,[  0 276],[ 47 291],[ 91 269],[140 261],[189 268],[238 261]
158,1.075531877814218,-0.46428512363720337,1.0,1.0,-0.43914562426055603,[  0 276],[ 47 291],[ 91 269],[140 261],[189 268],[237 255]
159,1.0856713044538595,-0.4727368768286643,1.0,1.0,-0.4242010785581935,[  0 276],[ 47 291],[ 91 269],[140 261],[186 280],[230 256]
160,1.0533645830775875,-0.4924335062767233,1.0,1.0,-0.24497866312686414,[  0 276],[ 47 291],[ 91 269],[135 291],[182 276],[230 264]
161,0.9973471936879418,-0.5176772975838257,1.0,1.0,-0.2614314706475668,[  0 276],[ 47 291],[ 96 286],[144 273],[193 275],[241 263]
162,0.9313393385487011,-0.5464536167259565,1.0,1.0,0.011503540577515653,[  0 276],[ 45 297],[ 87 270],[136 275],[183 289],[231 277]
163,0.8553647085111377,-0.5750090302054498,1.0,1.0,-0.07401882402730404,[  0 276],[ 47 291],[ 91 269],[140 267],[189 274],[238 273]
164,0.7786500568808084,-0.6031248655266068,1.0,1.0,-0.07401882402730404,[  0 276],[ 47 291],[ 91 269],[140 267],[189 274],[238 273]
165,0.7089094644895999,-0.629105421877589,1.0,1.0,-0.0773769629091032,[  0 276],[ 47 291],[ 94 274],[143 266],[191 279],[240 272]
166,0.6455089259521377,-0.6523520893335272,1.0,1.0,-0.19996829085417184,[  0 276],[ 47 291],[ 94 274],[143 266],[191 279],[239 266]
167,0.587872072736263,-0.6731244010251476,1.0,1.0,-0.19996829085417184,[  0 276],[ 47 291],[ 94 274],[143 266],[192 273],[241 266]
168,0.5354749334491041,-0.6902726582822062,1.0,1.0,-0.23581369175638406,[  0 276],[ 45 297],[ 87 270],[136 263],[185 265],[234 265]
169,0.4878411704607779,-0.7029584161939985,1.0,1.0,-0.38134921953649076,[  0 276],[ 49 285],[ 93 262],[142 265],[191 260],[240 258]
170,0.4445377495622995,-0.7132856935700957,1.0,1.0,-0.4697327394088439,[  0 276],[ 49 285],[ 96 268],[145 260],[194 255],[243 253]
171,0.4051710032909555,-0.722674127548366,1.0,1.0,-0.4088741027282422,[  0 276],[ 49 285],[ 98 286],[141 262],[190 258],[239 257]
172,0.36938305213518824,-0.7307380322102462,1.0,1.0,-0.5032033325903967,[  0 276],[ 45 297],[ 90 275],[139 268],[188 258],[237 251]
173,0.33684855108449074,-0.7388115101377948,1.0,1.0,-0.39149984939957605,[  0 276],[ 45 297],[ 93 286],[139 267],[188 275],[234 257]
174,0.307271731947493,-0.7470271670440435,1.0,1.0,-0.39149984939957605,[  0 276],[ 45 297],[ 93 286],[139 267],[188 275],[234 257]
175,0.2803837145502224,-0.7565374874321439,1.0,1.0,-0.13993303844223537,[  0 276],[ 47 291],[ 96 286],[142 267],[189 281],[237 269]
176,0.2559400623708854,-0.7626265647852333,1.0,1.0,-0.32272210483312136,[  0 276],[ 47 291],[ 91 269],[140 267],[188 280],[234 261]
177,0.23371856038966998,-0.7689076049833676,1.0,1.0,-0.3165542963154874,[  0 276],[ 47 291],[ 91 269],[140 261],[188 274],[236 261]
178,0.2135171949522014,-0.7746176415271261,1.0,1.0,-0.15350914385522738,[  0 276],[ 47 291],[ 95 280],[141 261],[186 280],[234 268]
179,0.19515231728177543,-0.7759135409250157,1.0,1.0,-0.40990334972014686,[  0 276],[ 47 291],[ 95 280],[141 261],[190 257],[239 256]
180,0.17845697394502455,-0.7768966622571238,1.0,1.0,-0.42357207991838164,[  0 276],[ 47 291],[ 89 263],[138 261],[186 251],[235 256]
181,0.16327938909343284,-0.7802257736971064,1.0,1.0,-0.5489414921030836,[  0 276],[ 47 291],[ 94 274],[143 272],[190 256],[239 249]
182,0.1494815846828949,-0.7871728298442113,1.0,1.0,-0.44197670721815474,[  0 276],[ 47 291],[ 96 286],[139 261],[188 268],[236 255]
183,0.13589234971172265,-0.7996721569933385,1.0,1.0,-0.39149984939957605,[  0 276],[ 45 297],[ 93 286],[139 267],[188 275],[234 257]
184,0.12353849973792969,-0.8153644683839851,1.0,1.0,-0.3222466134421019,[  0 276],[ 45 297],[ 93 286],[141 272],[190 279],[236 260]
185,0.11230772703448152,-0.8330151304129566,1.0,1.0,-0.3039143410980024,[  0 276],[ 47 291],[ 96 286],[145 290],[192 274],[240 261]
186,0.10209793366771047,-0.8521503328691429,1.0,1.0,-0.23757477006492672,[  0 276],[ 45 297],[ 92 281],[141 274],[190 276],[238 264]
187,0.09281630333428224,-0.870058787091277,1.0,1.0,-0.14099999498368312,[  0 276],[ 49 285],[ 98 292],[141 268],[188 282],[236 270]
188,0.08437845757662021,-0.8855350868949833,1.0,1.0,-0.05901531758535204,[  0 276],[ 49 285],[ 96 268],[143 284],[192 274],[241 273]
189,0.07670768870601838,-0.897193563432384,1.0,1.0,-0.0789245424836143,[  0 276],[ 47 291],[ 94 274],[143 272],[191 285],[239 272]
190,0.06973426246001671,-0.9036682055974817,1.0,1.0,-0.0789245424836143,[  0 276],[ 47 291],[ 94 274],[143 272],[191 285],[239 272]
191,0.06339478405456064,-0.9042250412440448,1.0,1.0,-0.07892454248361432,[  0 276],[ 47 291],[ 94 274],[143 272],[192 273],[241 272]
192,0.0576316218677824,-0.900231943283039,1.0,1.0,-0.16500948338565938,[  0 276],[ 49 285],[ 96 268],[145 272],[194 274],[243 268]
193,0.05239238351616582,-0.8919901199202418,1.0,1.0,-0.2951110197952457,[  0 276],[ 49 285],[ 96 268],[145 272],[194 280],[240 262]
194,0.04762943956015074,-0.8831831600958217,1.0,1.0,-0.1955105479449299,[  0 276],[ 47 291],[ 91 269],[140 267],[189 274],[238 267]
195,0.04329949050922795,-0.87250425159924,1.0,1.0,-0.2157473554021359,[  0 276],[ 47 291],[ 91 269],[140 267],[189 262],[238 266]
196,0.039363173190207226,-0.8638299845608918,1.0,1.0,-0.3165542963154874,[  0 276],[ 47 291],[ 91 269],[140 261],[189 262],[238 261]
197,0.035784702900188384,-0.8558601807735164,1.0,1.0,-0.3165542963154874,[  0 276],[ 47 291],[ 91 269],[140 261],[189 262],[238 261]
198,0.03253154809108035,-0.8486149046031753,1.0,1.0,-0.2949872598323724,[  0 276],[ 47 291],[ 91 269],[140 273],[189 263],[238 262]
199,0.029574134628254867,-0.8439575369389172,1.0,1.0,-0.31385323865005005,[  0 276],[ 49 285],[ 96 268],[145 266],[191 285],[235 261]
200,0.026885576934777153,-0.8384137920931811,1.0,1.0,-0.3222665183914311,[  0 276],[ 47 291],[ 95 280],[144 272],[193 273],[241 260]
201,0.02444143357707014,-0.8319925845762354,1.0,1.0,-0.2679119219485978,[  0 276],[ 45 297],[ 94 292],[140 273],[189 281],[235 263]
202,0.022219485070063764,-0.8223229017859963,1.0,1.0,-0.14630259850059096,[  0 276],[ 47 291],[ 96 292],[144 279],[193 287],[239 269]
203,0.020199531881876148,-0.8095003614032668,1.0,1.0,-0.018636357777625623,[  0 276],[ 47 291],[ 96 292],[144 279],[191 293],[237 275]
204,0.01836321080170559,-0.7927590043513951,1.0,1.0,-0.028578546517965597,[  0 276],[ 47 291],[ 96 292],[145 291],[194 299],[238 275]
205,0.016693828001550535,-0.7735350243007281,1.0,1.0,0.2810494844768717,[  0 276],[ 45 297],[ 92 281],[141 280],[186 300],[234 289]
206,0.04072616040839791,-0.7480818993604643,1.0,1.0,0.2810494844768717,[  0 276],[ 45 297],[ 92 281],[141 280],[186 300],[234 289]
207,0.08812368845797477,-0.7178705459437454,1.0,1.0,0.20800059974740187,[  0 276],[ 47 291],[ 95 280],[143 290],[192 292],[241 286]
208,0.15012149575280848,-0.6856465801822135,1.0,1.0,0.3298430367673191,[  0 276],[ 47 291],[ 95 280],[143 290],[192 292],[241 292]
209,0.23646886936332265,-0.6510494519305571,1.0,1.0,0.3298430367673191,[  0 276],[ 47 291],[ 95 280],[143 290],[192 292],[241 292]
210,0.3449522123517282,-0.6140234138029023,1.0,1.0,0.3269434402539802,[  0 276],[ 47 291],[ 95 280],[144 284],[193 292],[242 292]
211,0.47329556418245866,-0.5748288157404307,1.0,1.0,0.3543513640224354,[  0 276],[ 47 291],[ 96 292],[144 279],[191 293],[240 293]
212,0.6221850989397077,-0.533289055140374,1.0,1.0,0.47111888826445586,[  0 276],[ 47 291],[ 96 292],[145 285],[194 293],[243 299]
213,0.8003682112885211,-0.48685115861782086,1.0,1.0,0.3922489291691046,[  0 276],[ 47 291],[ 96 286],[145 284],[194 285],[242 295]
214,0.9491440954983532,-0.43526179883871324,1.0,1.0,0.28793993321042494,[  0 276],[ 47 291],[ 96 286],[145 284],[194 291],[243 290]
215,1.0666212131486614,-0.38176987429649695,1.0,1.0,0.2890395372378678,[  0 276],[ 47 291],[ 96 286],[145 284],[193 297],[242 290]
216,1.153805196885111,-0.32625739435848206,1.0,1.0,0.3489257381422473,[  0 276],[ 47 291],[ 96 292],[145 291],[194 299],[243 293]
217,1.2042857006168393,-0.2667167757631358,1.0,1.0,0.2319942040074743,[  0 276],[ 45 297],[ 94 298],[143 291],[192 299],[240 287]
218,1.221399404344275,-0.20510873385387154,1.0,1.0,0.43970910415573483,[  0 276],[ 45 297],[ 94 292],[141 308],[190 304],[239 297]
219,1.2101402932026375,-0.13908283624561169,1.0,1.0,0.5160844496160283,[  0 276],[ 45 297],[ 94 304],[143 309],[192 312],[240 301]
220,1.1713726250147805,-0.06774196085265617,1.0,1.0,0.5970416591255068,[  0 276],[ 47 291],[ 96 298],[145 303],[192 317],[240 305]
221,1.1068323340811441,0.009649401016170706,1.0,1.0,0.8493956883457481,[  0 276],[ 47 291],[ 95 304],[144 303],[189 323],[238 317]
222,1.0238037130552384,0.09524119740093624,1.0,1.0,0.9712381253656652,[  0 276],[ 47 291],[ 95 304],[144 303],[189 323],[238 323]
223,0.9350229122589069,0.18829111307617202,1.0,1.0,1.0054406523522406,[  0 276],[ 47 291],[ 96 298],[144 309],[191 324],[240 325]
224,0.8526188790097304,0.2868466320099755,1.0,1.0,0.2851424519464587,[  0 276],[ 47 291],[ 96 298],[144 309],[191 324],[229 292]
225,0.7751080718270277,0.3807205719288571,1.0,1.0,1.0981856503303136,[  0 276],[ 45 297],[ 94 304],[143 303],[188 323],[237 329]
226,0.7046437016609343,0.4772032832076601,1.0,1.0,1.0981856503303136,[  0 276],[ 45 297],[ 94 304],[143 303],[188 323],[237 329]
227,0.6405851833281221,0.5760576048136643,1.0,1.0,0.9697167381421706,[  0 276],[ 45 297],[ 94 304],[143 309],[190 323],[239 323]
228,0.5823501666619292,0.6763122081608695,1.0,1.0,0.848371446617707,[  0 276],[ 45 297],[ 93 310],[142 309],[189 323],[238 317]
229,0.5294092424199356,0.774523598610834,1.0,1.0,0.8837609718686955,[  0 276],[ 45 297],[ 94 304],[142 315],[191 324],[240 319]
230,0.4812811294726687,0.8713601072258205,1.0,1.0,1.0110428857924252,[  0 276],[ 45 297],[ 94 304],[142 315],[189 330],[238 325]
231,0.4375282995206079,0.9687219256786053,1.0,1.0,1.1001828861910725,[  0 276],[ 45 297],[ 94 304],[142 315],[187 335],[236 329]
232,0.39775299956418897,1.0674030995743455,1.0,1.0,1.2220253232109897,[  0 276],[ 45 297],[ 94 304],[142 315],[187 335],[236 335]
233,0.36159363596744454,1.1673528908651984,1.0,1.0,1.3438677602309068,[  0 276],[ 45 297],[ 94 304],[142 315],[187 335],[236 341]
234,0.3287214872431314,1.2711929579168166,1.0,1.0,1.317990218414316,[  0 276],[ 45 297],[ 94 304],[141 320],[188 334],[237 340]
235,0.298837715675574,1.3796391591256134,1.0,1.0,1.317990218414316,[  0 276],[ 45 297],[ 94 304],[141 320],[188 334],[237 340]
236,0.2716706506141582,1.4922577604223803,1.0,1.0,1.441126444521263,[  0 276],[ 45 297],[ 94 304],[141 320],[188 334],[236 346]
237,0.2469733187401438,1.6095319530518823,1.0,1.0,1.5691355031944598,[  0 276],[ 45 297],[ 94 304],[141 320],[188 334],[234 352]
238,0.2245211988546762,1.7343786004312522,1.0,1.0,1.5691355031944598,[  0 276],[ 45 297],[ 94 304],[141 320],[188 334],[234 352]
239,0.20411018077697834,1.8632768216721165,1.0,1.0,1.441126444521263,[  0 276],[ 45 297],[ 94 304],[141 320],[188 334],[236 346]
240,0.18555470979725303,1.99307123182161,1.0,1.0,1.4610963952748854,[  0 276],[ 42 302],[ 91 309],[140 314],[185 334],[233 346]
241,0.16868609981568455,2.1228487147231863,1.0,1.0,1.4224789775033297,[  0 276],[ 45 297],[ 94 304],[141 320],[190 328],[236 345]
242,0.1533509998324405,2.2486430167585865,1.0,1.0,1.46667494832439,[  0 276],[ 45 297],[ 91 316],[140 315],[182 340],[231 346]
243,0.1394099998476732,2.3697574298311146,1.0,1.0,1.4872759964831161,[  0 276],[ 38 307],[ 87 309],[135 320],[177 345],[226 345]
244,0.12673636349788472,2.486431923680652,1.0,1.0,1.4864773078337565,[  0 276],[ 38 307],[ 87 315],[135 326],[177 351],[226 345]
245,0.11521487590716793,2.6088814843059676,1.0,1.0,1.699768284206375,[  0 276],[ 42 302],[ 90 315],[138 326],[177 356],[226 356]
246,0.10474079627924357,2.7284026662454735,1.0,1.0,1.822510254350736,[  0 276],[ 42 302],[ 90 315],[134 337],[179 357],[228 363]
247,0.09521890570840325,2.8469354398816664,1.0,1.0,1.9411966675115524,[  0 276],[ 42 302],[ 90 315],[134 337],[176 362],[225 368]
248,0.08656264155309386,2.9679399604059697,1.0,1.0,2.0643328936184995,[  0 276],[ 42 302],[ 90 315],[134 337],[176 362],[224 374]
249,0.0786933105028126,3.09452536243262,1.0,1.0,2.0643328936184995,[  0 276],[ 42 302],[ 90 315],[134 337],[176 362],[224 374]
250,0.07153937318437509,3.2257017086625264,1.0,1.0,2.192341952291696,[  0 276],[ 42 302],[ 90 315],[134 337],[176 362],[222 380]
251,0.06503579380397735,3.3610615561419768,1.0,1.0,2.0673439550416575,[  0 276],[ 42 302],[ 90 315],[139 320],[178 350],[221 373]
252,0.05912344891270668,3.497304522971258,1.0,1.0,1.9456464804576832,[  0 276],[ 42 302],[ 90 315],[134 337],[179 357],[227 369]
253,0.05374858992064244,3.631029326778514,1.0,1.0,1.795385482219757,[  0 276],[ 42 302],[ 90 315],[137 331],[180 356],[229 362]
254,0.048862354473311304,3.7587543900849583,1.0,1.0,1.7918454514481703,[  0 276],[ 38 307],[ 85 321],[134 327],[176 353],[225 360]
255,0.04442032224846482,3.881329746268551,1.0,1.0,1.7934899536374915,[  0 276],[ 38 307],[ 85 321],[133 333],[175 359],[224 360]
256,0.04038211113496802,3.9992459755521335,1.0,1.0,1.700667817330819,[  0 276],[ 42 302],[ 90 315],[134 337],[179 357],[228 357]
257,0.0367110101226982,4.10998174816643,1.0,1.0,1.8193542304916352,[  0 276],[ 42 302],[ 90 315],[134 337],[176 362],[225 362]
258,0.03337364556608927,4.214062705915296,1.0,1.0,1.9244538370275426,[  0 276],[ 42 302],[ 90 315],[137 331],[176 361],[225 367]
259,0.030339677787353886,4.31352700842108,1.0,1.0,1.9373902230679745,[  0 276],[ 42 302],[ 91 309],[135 331],[174 361],[223 367]
260,0.027581525261230803,4.410716334951976,1.0,1.0,2.0605264491749216,[  0 276],[ 42 302],[ 91 309],[135 331],[174 361],[222 373]
261,0.025074113873846185,4.507244314351428,1.0,1.0,1.939034725257296,[  0 276],[ 42 302],[ 91 303],[135 325],[174 355],[222 367]
262,0.022794648976223804,4.60204096491121,1.0,1.0,1.9713678759664512,[  0 276],[ 42 302],[ 91 309],[139 320],[174 355],[222 368]
263,0.02072240816020346,4.695101914433404,1.0,1.0,1.952070287958618,[  0 276],[ 45 297],[ 94 304],[138 326],[180 351],[226 369]
264,0.018838552872912237,4.786040881610065,1.0,1.0,1.7872688176986573,[  0 276],[ 45 297],[ 94 304],[141 320],[184 345],[230 362]
265,0.017125957157192943,4.872814372359732,1.0,1.0,1.8209097358514823,[  0 276],[ 45 297],[ 94 298],[138 320],[185 334],[225 362]
266,0.015569051961084494,4.953351292836409,1.0,1.0,1.6663315570696209,[  0 276],[ 45 297],[ 94 298],[141 314],[186 333],[230 356]
267,0.014153683600985904,5.024436965579554,1.0,1.0,1.543607051244083,[  0 276],[ 45 297],[ 94 298],[142 308],[187 327],[231 350]
268,0.012866985091805366,5.083638627851493,1.0,1.0,1.4653105078551385,[  0 276],[ 45 297],[ 94 298],[143 297],[182 327],[228 345]
269,0.011697259174368514,5.129289833747392,1.0,1.0,1.4941062100880855,[  0 276],[ 47 291],[ 96 298],[144 309],[191 324],[234 348]
270,0.010633871976698649,5.163015111604612,1.0,1.0,1.467316629121251,[  0 276],[ 47 291],[ 96 298],[144 309],[189 329],[235 347]
271,0.009667156342453317,5.183787746158852,1.0,1.0,1.508440484559598,[  0 276],[ 42 302],[ 91 297],[140 301],[180 330],[227 347]
272,0.008788323947684834,5.19505054842886,1.0,1.0,1.5324606243744816,[  0 276],[ 47 291],[ 96 298],[143 314],[188 333],[234 350]
273,0.007989385406986212,5.19965510700046,1.0,1.0,1.5860030422820675,[  0 276],[ 47 291],[ 96 298],[144 309],[186 334],[232 352]
274,0.007263077642714738,5.200985854248219,1.0,1.0,1.5860030422820675,[  0 276],[ 47 291],[ 96 298],[144 309],[186 334],[232 352]
275,0.006602797857013398,5.19938868253028,1.0,1.0,1.5501150430594606,[  0 276],[ 47 291],[ 96 298],[143 314],[190 328],[234 351]
276,0.006002543506375816,5.194617959460635,1.0,1.0,1.4941062100880855,[  0 276],[ 47 291],[ 96 298],[144 309],[191 324],[234 348]
277,0.005456857733068924,5.187464189298558,1.0,1.0,1.3891088497795245,[  0 276],[ 45 297],[ 94 292],[143 296],[186 320],[230 342]
278,0.004960779757335386,5.17509377941423,1.0,1.0,1.2136414769897337,[  0 276],[ 49 285],[ 98 286],[147 291],[189 316],[235 334]
279,0.004509799779395805,5.154155056427963,1.0,1.0,1.0949550638289172,[  0 276],[ 49 285],[ 98 286],[147 291],[192 311],[238 329]
280,0.004099817981268914,5.123632101541733,1.0,1.0,1.0388682982579729,[  0 276],[ 49 285],[ 98 280],[146 290],[191 309],[237 326]
281,0.0037271072556990126,5.081952258678111,1.0,1.0,0.885410702469895,[  0 276],[ 45 297],[ 93 286],[142 290],[190 303],[237 319]
282,0.0033882793233627386,5.0296938921277174,1.0,1.0,0.9101476406401321,[  0 276],[ 49 285],[ 98 280],[146 290],[191 309],[239 320]
283,0.0030802539303297623,4.967715101145637,1.0,1.0,0.9101476406401321,[  0 276],[ 49 285],[ 98 280],[146 290],[191 309],[239 320]
284,0.0028002308457543293,4.897162709607584,1.0,1.0,1.0388682982579729,[  0 276],[ 49 285],[ 98 280],[146 290],[191 309],[237 326]
285,0.0025456644052312084,4.822818710216981,1.0,1.0,0.8242588337371733,[  0 276],[ 49 285],[ 97 274],[145 284],[192 298],[238 316]
286,0.0023142403683920074,4.741642562105784,1.0,1.0,0.7835214713611478,[  0 276],[ 49 285],[ 97 274],[146 278],[192 297],[238 314]
287,0.0021038548803563703,4.655807744472307,1.0,1.0,0.5371975828146759,[  0 276],[ 45 297],[ 87 270],[136 275],[185 278],[228 302]
288,0.0019125953457785185,4.564052326599654,1.0,1.0,0.3760897301871113,[  0 276],[ 49 285],[ 93 262],[140 277],[189 284],[237 295]
289,0.001738723041616835,4.465785299747224,1.0,1.0,0.4824450782643911,[  0 276],[ 45 297],[ 92 281],[141 274],[190 282],[236 299]
290,0.001580657310560759,4.362656259901964,1.0,1.0,0.4425700472991255,[  0 276],[ 47 291],[ 91 269],[140 273],[189 281],[235 298]
291,0.001436961191418872,4.254928770290517,1.0,1.0,0.4454696438124644,[  0 276],[ 47 291],[ 91 269],[139 279],[188 281],[234 298]
292,0.001306328355835338,4.142499631906286,1.0,1.0,0.4454696438124644,[  0 276],[ 47 291],[ 91 269],[139 279],[188 281],[234 298]
293,0.00118757123257758,4.025468720003867,1.0,1.0,0.4377927345651811,[  0 276],[ 47 291],[ 91 269],[139 279],[188 287],[236 298]
294,0.0010796102114341635,3.9034195686237108,1.0,1.0,0.5665133921830219,[  0 276],[ 47 291],[ 91 269],[139 279],[188 287],[234 304]
295,0.0009814638285765122,3.7785636630494905,1.0,1.0,0.6538157878273333,[  0 276],[ 45 297],[ 90 275],[139 280],[188 283],[231 307]
296,0.0008922398441604657,3.652836031774307,1.0,1.0,0.6629717857381756,[  0 276],[ 49 285],[ 97 274],[145 284],[190 303],[239 308]
297,0.0008111271310549688,3.5272045339193685,1.0,1.0,0.5518828698751544,[  0 276],[ 47 291],[ 91 269],[139 279],[184 298],[233 303]
298,0.0007373883009590625,3.401577363416183,1.0,1.0,0.5851608592009553,[  0 276],[ 47 291],[ 91 269],[139 279],[186 293],[234 305]
299,0.000670353000871875,3.278800654534349,1.0,1.0,0.5851608592009553,[  0 276],[ 47 291],[ 91 269],[139 279],[186 293],[234 305]
300,0.0006094118189744318,3.160233725487755,1.0,1.0,0.5171939523208459,[  0 276],[ 45 297],[ 87 270],[135 281],[184 290],[232 302]
301,0.0005540107445222108,3.0453318670917087,1.0,1.0,0.40918906087825174,[  0 276],[ 47 291],[ 95 280],[144 284],[192 297],[241 296]
302,0.0005036461313838279,2.934381700709962,1.0,1.0,0.5326254436051088,[  0 276],[ 47 291],[ 96 286],[145 284],[193 297],[242 302]
303,0.0004578601194398436,2.8283698831306245,1.0,1.0,0.6399108697884566,[  0 276],[ 45 297],[ 92 281],[140 292],[189 295],[237 307]
304,0.00041623647221803963,2.7283104566377947,1.0,1.0,0.579381889677036,[  0 276],[ 45 297],[ 93 286],[141 296],[190 298],[239 304]
305,0.0003783967929254906,2.6310816178909366,1.0,1.0,0.7825675866686449,[  0 276],[ 45 297],[ 94 292],[143 296],[191 309],[240 314]
306,0.00034399708447771873,2.542123247479222,1.0,1.0,0.7825675866686449,[  0 276],[ 45 297],[ 94 292],[143 296],[191 309],[240 314]
307,0.00031272462225247156,2.4612389941318566,1.0,1.0,0.8239833903317373,[  0 276],[ 47 291],[ 96 286],[144 296],[191 310],[240 316]
308,0.0002842951111386105,2.3916185702822115,1.0,1.0,0.7820827276670367,[  0 276],[ 47 291],[ 96 286],[145 290],[191 309],[240 314]
309,0.0002584501010351005,2.333863544020897,1.0,1.0,0.6548711707788452,[  0 276],[ 47 291],[ 96 286],[145 290],[193 303],[242 308]
310,0.00023495463730463683,2.283710239590353,1.0,1.0,0.6548711707788452,[  0 276],[ 47 291],[ 96 286],[145 290],[193 303],[242 308]
311,0.00021359512482239712,2.2410113417918547,1.0,1.0,0.5382276770452935,[  0 276],[ 45 297],[ 94 292],[143 290],[191 303],[240 302]
312,0.0001941773862021792,2.203459044246395,1.0,1.0,0.6559080134333032,[  0 276],[ 42 302],[ 91 297],[140 295],[188 308],[237 307]
313,0.00017652489654743564,2.172190206063534,1.0,1.0,0.6042883947550124,[  0 276],[ 45 297],[ 94 298],[143 297],[190 311],[239 305]
314,0.00016047717867948694,2.146034384899885,1.0,1.0,0.6386813205000914,[  0 276],[ 45 297],[ 94 298],[143 303],[192 312],[241 307]
315,0.00014588834425407904,2.123240473773619,1.0,1.0,0.7257801186726383,[  0 276],[ 45 297],[ 94 304],[143 303],[190 317],[239 311]
316,0.00013262576750370822,2.1035000681703586,1.0,1.0,0.973537902553587,[  0 276],[ 45 297],[ 94 304],[143 297],[185 322],[234 322]
317,0.00012056887954882566,2.0897892373966958,1.0,1.0,0.9656536051828566,[  0 276],[ 42 302],[ 91 303],[140 302],[187 316],[236 322]
318,0.00010960807231711424,2.0829671739930165,1.0,1.0,1.0238358505076328,[  0 276],[ 42 302],[ 91 297],[140 301],[188 314],[236 325]
319,9.964370210646748e-05,2.082747229871126,1.0,1.0,1.0238358505076328,[  0 276],[ 42 302],[ 91 297],[140 301],[188 314],[236 325]
320,9.058518373315226e-05,2.088529212369044,1.0,1.0,1.0792371635507028,[  0 276],[ 45 297],[ 93 286],[141 296],[188 310],[234 328]
321,8.235016703013841e-05,2.101449785702104,1.0,1.0,1.0792371635507028,[  0 276],[ 45 297],[ 93 286],[141 296],[188 310],[234 328]
322,7.486378820921675e-05,2.122332781041328,1.0,1.0,0.9711094949017937,[  0 276],[ 45 297],[ 94 298],[143 297],[190 311],[238 323]
323,6.805798928110613e-05,2.1472966502310324,1.0,1.0,0.9015901233338965,[  0 276],[ 42 302],[ 91 297],[140 295],[188 308],[236 319]
324,6.187089934646013e-05,2.173559430224565,1.0,1.0,0.9015901233338965,[  0 276],[ 42 302],[ 91 297],[140 295],[188 308],[236 319]
325,5.624627213314557e-05,2.2018284334049154,1.0,1.0,0.8479732687948469,[  0 276],[ 45 297],[ 94 304],[143 297],[190 311],[239 317]
326,5.1132974666495974e-05,2.228419422870591,1.0,1.0,0.82983736920162,[  0 276],[ 45 297],[ 94 292],[142 302],[189 316],[238 316]
327,4.648452242408725e-05,2.2532376376012007,1.0,1.0,0.9516798062215373,[  0 276],[ 45 297],[ 94 292],[142 302],[189 316],[238 322]
328,4.2258656749170225e-05,2.2775409657547976,1.0,1.0,0.9516798062215373,[  0 276],[ 45 297],[ 94 292],[142 302],[189 316],[238 322]
329,3.841696068106384e-05,2.3019475878747198,1.0,1.0,1.0737739886711524,[  0 276],[ 45 297],[ 94 298],[142 308],[189 322],[238 328]
330,3.4924509710058035e-05,2.329847737318635,1.0,1.0,1.0932036773514089,[  0 276],[ 45 297],[ 94 298],[143 303],[190 317],[238 329]
331,3.174955428187094e-05,2.3611887709936386,1.0,1.0,1.1133578940632294,[  0 276],[ 45 297],[ 94 298],[143 303],[192 312],[238 330]
332,2.886323116533722e-05,2.3975233045666133,1.0,1.0,1.095380339573504,[  0 276],[ 45 297],[ 94 298],[143 297],[185 322],[234 328]
333,2.623930105939747e-05,2.4365475031712296,1.0,1.0,0.9766939264126877,[  0 276],[ 45 297],[ 94 304],[143 297],[188 317],[237 323]
334,2.38539100539977e-05,2.4771023046071217,1.0,1.0,0.8476225556925555,[  0 276],[ 45 297],[ 94 304],[143 303],[190 317],[239 317]
335,2.1685372776361544e-05,2.5168195045741935,1.0,1.0,0.8487221597199983,[  0 276],[ 45 297],[ 93 310],[142 303],[189 317],[238 317]
336,1.9713975251237768e-05,2.5546025323767227,1.0,1.0,0.9702138836376242,[  0 276],[ 45 297],[ 93 310],[142 309],[189 323],[238 323]
337,1.7921795682943426e-05,2.588905411939259,1.0,1.0,1.0644184077121195,[  0 276],[ 42 302],[ 91 297],[138 313],[187 321],[236 327]
338,1.6292541529948568e-05,2.621436640666964,1.0,1.0,1.2174745220231191,[  0 276],[ 45 297],[ 94 298],[143 303],[185 328],[234 334]
339,1.4811401390862335e-05,2.653651012303725,1.0,1.0,1.21687206349113,[  0 276],[ 45 297],[ 94 304],[143 303],[185 328],[234 334]
340,1.3464910355329396e-05,2.68556911669601,1.0,1.0,1.2872201529032767,[  0 276],[ 45 297],[ 94 298],[142 308],[187 327],[235 338]
341,1.2240827595753997e-05,2.7174217069074404,1.0,1.0,1.3465256243536479,[  0 276],[ 45 297],[ 94 298],[143 297],[185 322],[231 340]
342,1.1128025087049087e-05,2.750023449746963,1.0,1.0,1.22192433496925,[  0 276],[ 45 297],[ 94 298],[143 303],[188 323],[236 335]
343,1.0116386442771898e-05,2.7830816001474488,1.0,1.0,1.2595402452015276,[  0 276],[ 49 285],[ 95 303],[144 301],[190 320],[236 337]
344,9.196714947974453e-06,2.818015602173358,1.0,1.0,1.170258700620524,[  0 276],[ 45 297],[ 93 286],[141 296],[186 315],[232 332]
345,8.360649952704048e-06,2.8534374482508205,1.0,1.0,1.0398420014519192,[  0 276],[ 45 297],[ 94 292],[143 290],[189 309],[235 326]
346,7.600590866094589e-06,2.888255518312019,1.0,1.0,0.9111213438340783,[  0 276],[ 45 297],[ 94 292],[143 290],[189 309],[237 320]
347,6.90962806008599e-06,2.9210167271126424,1.0,1.0,0.9097791435568363,[  0 276],[ 45 297],[ 93 286],[142 290],[188 309],[236 320]
348,6.281480054623628e-06,2.9502282715314174,1.0,1.0,0.9711094949017937,[  0 276],[ 45 297],[ 94 298],[143 297],[190 311],[238 323]
349,5.710436413294207e-06,2.9770491713032166,1.0,1.0,0.9766939264126877,[  0 276],[ 45 297],[ 94 298],[143 297],[188 317],[237 323]
350,5.191305830267461e-06,3.0001079884286,1.0,1.0,0.9763432133103964,[  0 276],[ 45 297],[ 94 304],[143 303],[188 323],[237 323]
351,4.719368936606782e-06,3.019476997669299,1.0,1.0,1.068832253773725,[  0 276],[ 45 297],[ 94 298],[141 314],[190 322],[239 328]
352,4.290335396915257e-06,3.036478020065986,1.0,1.0,1.1331370682420403,[  0 276],[ 45 297],[ 94 304],[142 315],[189 330],[238 331]
353,3.900304906286597e-06,3.052448359453909,1.0,1.0,1.3389662459407452,[  0 276],[ 45 297],[ 94 304],[143 309],[185 334],[234 340]
354,3.545731732987816e-06,3.0719069268910397,1.0,1.0,1.4340338142504616,[  0 276],[ 45 297],[ 94 298],[142 308],[185 333],[233 345]
355,3.223392484534378e-06,3.097593050814221,1.0,1.0,1.4340338142504616,[  0 276],[ 45 297],[ 94 298],[142 308],[185 333],[233 345]
356,2.930356804122162e-06,3.128925595124347,1.0,1.0,1.3439132043823292,[  0 276],[ 45 297],[ 93 310],[142 309],[187 329],[235 341]
357,2.6639607310201473e-06,3.1625056261437074,1.0,1.0,1.2092395115500976,[  0 276],[ 42 302],[ 91 309],[140 314],[187 328],[236 334]
358,2.4217824827455885e-06,3.195007760304553,1.0,1.0,1.1235354907063204,[  0 276],[ 42 302],[ 91 309],[139 320],[188 329],[237 330]
359,2.201620438859626e-06,3.223274168205547,1.0,1.0,1.091918004803386,[  0 276],[ 38 307],[ 87 315],[136 321],[184 331],[233 327]
360,2.0014731262360236e-06,3.24726698367889,1.0,1.0,1.151368980350563,[  0 276],[ 38 307],[ 87 315],[135 326],[184 335],[233 330]
361,1.8195210238509304e-06,3.267226118119847,1.0,1.0,1.2043771686410452,[  0 276],[ 42 302],[ 91 309],[135 331],[182 345],[230 333]
362,1.6541100216826639e-06,3.283432397761,1.0,1.0,1.4753910381167636,[  0 276],[ 42 302],[ 90 315],[134 337],[179 357],[227 346]
363,1.5037363833478763e-06,3.3016217433867867,1.0,1.0,1.697511793471718,[  0 276],[ 42 302],[ 90 315],[134 337],[176 362],[225 356]
364,1.3670330757707966e-06,3.3241298514320956,1.0,1.0,1.8193542304916352,[  0 276],[ 42 302],[ 90 315],[134 337],[176 362],[225 362]
365,1.2427573416098152e-06,3.3534430705169824,1.0,1.0,1.9346038362935256,[  0 276],[ 42 302],[ 91 303],[132 330],[171 360],[220 366]
366,1.1297794014634684e-06,3.3922927492510833,1.0,1.0,1.9373106767096608,[  0 276],[ 42 302],[ 91 309],[132 336],[174 361],[223 367]
367,1.0270721831486076e-06,3.4416041299122053,1.0,1.0,1.9456464804576832,[  0 276],[ 42 302],[ 90 315],[134 337],[179 357],[227 369]
368,9.337019846805523e-07,3.5005581214709642,1.0,1.0,1.9456464804576832,[  0 276],[ 42 302],[ 90 315],[134 337],[179 357],[227 369]
369,8.488199860732293e-07,3.56744179996378,1.0,1.0,1.822510254350736,[  0 276],[ 42 302],[ 90 315],[134 337],[179 357],[228 363]
370,7.716545327938448e-07,3.6397790030654953,1.0,1.0,1.822510254350736,[  0 276],[ 42 302],[ 90 315],[134 337],[179 357],[228 363]
371,7.01504120721677e-07,3.717078738263059,1.0,1.0,1.7301621818735908,[  0 276],[ 38 307],[ 87 315],[135 326],[177 351],[226 357]
372,6.377310188378882e-07,3.796369360189479,1.0,1.0,1.699768284206375,[  0 276],[ 42 302],[ 90 315],[138 326],[177 356],[226 356]
373,5.797554716708074e-07,3.876178533067556,1.0,1.0,1.822510254350736,[  0 276],[ 42 302],[ 90 315],[134 337],[179 357],[228 363]
374,5.270504287916431e-07,3.9553261085259446,1.0,1.0,1.822510254350736,[  0 276],[ 42 302],[ 90 315],[134 337],[179 357],[228 363]
375,4.791367534469483e-07,4.0325758558531195,1.0,1.0,1.9551777009578648,[  0 276],[ 45 297],[ 91 316],[135 338],[180 358],[228 370]
376,4.3557886676995295e-07,4.109909406423834,1.0,1.0,1.9466714812128505,[  0 276],[ 45 297],[ 93 310],[134 337],[179 357],[227 369]
377,3.959807879726845e-07,4.188432065263082,1.0,1.0,1.94665255723049,[  0 276],[ 45 297],[ 93 310],[137 332],[179 357],[227 369]
378,3.5998253452062224e-07,4.269871933012585,1.0,1.0,2.0579187854196768,[  0 276],[ 45 297],[ 93 310],[140 326],[179 356],[225 374]
379,3.27256849564202e-07,4.356649766803678,1.0,1.0,2.0535033339608075,[  0 276],[ 45 297],[ 94 304],[141 320],[180 350],[223 373]
380,2.9750622687654727e-07,4.448651233829547,1.0,1.0,1.9544666626031353,[  0 276],[ 45 297],[ 93 310],[141 321],[183 346],[226 369]
381,2.704602062514066e-07,4.543240263156508,1.0,1.0,1.8313797945598769,[  0 276],[ 42 302],[ 91 309],[139 320],[181 345],[227 363]
382,2.45872914774006e-07,4.637780325625366,1.0,1.0,1.70337073588668,[  0 276],[ 42 302],[ 91 309],[139 320],[181 345],[229 357]
383,2.2352083161273273e-07,4.72683465102119,1.0,1.0,1.5841394245639853,[  0 276],[ 42 302],[ 90 315],[138 326],[183 346],[232 352]
384,2.0320075601157522e-07,4.806247141805016,1.0,1.0,1.4896333316928572,[  0 276],[ 38 307],[ 87 315],[135 326],[180 346],[229 346]
385,1.8472796001052293e-07,4.873944121170328,1.0,1.0,1.5481132013596821,[  0 276],[ 38 307],[ 85 321],[133 333],[180 348],[229 349]
386,1.6793450910047539e-07,4.9302165028442415,1.0,1.0,1.4735889720632636,[  0 276],[ 38 307],[ 85 321],[131 339],[178 355],[227 345]
387,1.526677355458867e-07,4.975049735666257,1.0,1.0,1.710635185004414,[  0 276],[ 38 307],[ 85 321],[131 339],[175 360],[224 356]
388,1.3878885049626064e-07,5.012602520566454,1.0,1.0,1.8162171306148953,[  0 276],[ 42 302],[ 90 315],[131 342],[173 367],[222 361]
389,1.2617168226932785e-07,5.044976470250595,1.0,1.0,1.9380595676348125,[  0 276],[ 42 302],[ 90 315],[131 342],[173 367],[222 367]
390,1.1470152933575259e-07,5.075983006053688,1.0,1.0,2.069512771513225,[  0 276],[ 45 297],[ 91 316],[135 338],[174 368],[223 374]
391,1.0427411757795689e-07,5.1075389820178065,1.0,1.0,2.069512771513225,[  0 276],[ 45 297],[ 91 316],[135 338],[174 368],[223 374]
392,9.479465234359717e-08,5.140853740934818,1.0,1.0,2.1731295835100886,[  0 276],[ 45 297],[ 93 310],[140 326],[175 360],[221 378]
393,8.617695667599742e-08,5.177594812213516,1.0,1.0,2.1731295835100886,[  0 276],[ 45 297],[ 93 310],[140 326],[175 360],[221 378]
394,7.834268788727038e-08,5.2157769587735965,1.0,1.0,2.295657028008824,[  0 276],[ 45 297],[ 93 310],[140 326],[179 356],[219 384]
395,7.122062535206398e-08,5.256940002559916,1.0,1.0,2.308593414049256,[  0 276],[ 45 297],[ 94 304],[138 326],[177 356],[217 384]
396,6.474602304733088e-08,5.299180256635089,1.0,1.0,2.1898085305477655,[  0 276],[ 45 297],[ 94 304],[138 326],[180 351],[220 379]
397,5.8860020952118983e-08,5.340895992830722,1.0,1.0,2.098270045451592,[  0 276],[ 45 297],[ 94 304],[142 315],[177 350],[220 374]
398,5.3509109956471806e-08,5.380886900575223,1.0,1.0,2.0702225842625053,[  0 276],[ 45 297],[ 94 304],[142 315],[181 345],[221 373]
399,4.864464541497437e-08,5.41741005032717,1.0,1.0,1.9149350584216227,[  0 276],[ 45 297],[ 94 304],[141 320],[184 345],[228 368]
400,4.422240492270397e-08,5.448723346344315,1.0,1.0,1.9149350584216227,[  0 276],[ 45 297],[ 94 304],[141 320],[184 345],[228 368]
401,4.0202186293367245e-08,5.476650911757426,1.0,1.0,1.9149350584216227,[  0 276],[ 45 297],[ 94 304],[141 320],[184 345],[228 368]
402,3.654744208487931e-08,5.503178997549279,1.0,1.0,1.8324843416733578,[  0 276],[ 45 297],[ 94 304],[142 315],[181 345],[227 363]
403,3.322494734989028e-08,5.529056079257145,1.0,1.0,1.9111236708920067,[  0 276],[ 42 302],[ 91 303],[138 319],[181 344],[225 367]
404,3.0204497590809345e-08,5.55703957507786,1.0,1.0,1.8333838747978015,[  0 276],[ 45 297],[ 94 304],[138 326],[183 346],[229 364]
405,2.745863417346304e-08,5.587166624139032,1.0,1.0,1.8324843416733578,[  0 276],[ 45 297],[ 94 304],[142 315],[181 345],[227 363]
406,2.4962394703148217e-08,5.618432638835284,1.0,1.0,1.8265767506103894,[  0 276],[ 42 302],[ 91 309],[140 314],[179 344],[225 362]
407,2.2693086093771104e-08,5.6516697582666096,1.0,1.0,1.8087915641194539,[  0 276],[ 42 302],[ 91 303],[139 313],[178 343],[224 361]
408,2.063007826706464e-08,5.683223817464838,1.0,1.0,1.7890294884423916,[  0 276],[ 42 302],[ 91 297],[138 313],[181 338],[225 361]
409,1.87546166064224e-08,5.711538585251785,1.0,1.0,1.8278497733100365,[  0 276],[ 45 297],[ 94 304],[143 309],[185 334],[225 362]
410,1.7049651460384e-08,5.735776422408216,1.0,1.0,1.7082874072070886,[  0 276],[ 45 297],[ 94 304],[143 309],[185 334],[228 357]
411,1.5499683145803637e-08,5.752885019400798,1.0,1.0,1.5856903994986704,[  0 276],[ 45 297],[ 94 304],[142 315],[184 340],[232 352]
412,1.409062104163967e-08,5.761840711593856,1.0,1.0,1.5856903994986704,[  0 276],[ 45 297],[ 94 304],[142 315],[184 340],[232 352]
413,1.28096554923997e-08,5.761971715623753,1.0,1.0,1.4577511294422356,[  0 276],[ 45 297],[ 94 304],[143 309],[182 339],[231 345]
414,1.1645141356727e-08,5.752335649459098,1.0,1.0,1.5856903994986704,[  0 276],[ 45 297],[ 94 304],[142 315],[184 340],[232 352]
415,1.0586492142479092e-08,5.733894226193363,1.0,1.0,1.5846843227258638,[  0 276],[ 42 302],[ 91 309],[139 320],[184 340],[232 352]
416,9.624083765890083e-09,5.707257808342831,1.0,1.0,1.6607329243435034,[  0 276],[ 42 302],[ 91 303],[139 313],[182 338],[228 355]
417,8.749167059900075e-09,5.675828215666835,1.0,1.0,1.704475283000161,[  0 276],[ 45 297],[ 94 304],[142 315],[181 345],[229 357]
418,7.953788236272796e-09,5.641885930109773,1.0,1.0,1.704475283000161,[  0 276],[ 45 297],[ 94 304],[142 315],[181 345],[229 357]
419,7.230716578429815e-09,5.6060418436770485,1.0,1.0,1.7136994581718672,[  0 276],[ 45 297],[ 94 304],[142 315],[184 340],[230 358]
420,6.573378707663468e-09,5.570712188734802,1.0,1.0,1.6663315570696209,[  0 276],[ 45 297],[ 94 298],[141 314],[186 333],[230 356]
421,5.975798825148607e-09,5.535204272859779,1.0,1.0,1.5567583200759998,[  0 276],[ 45 297],[ 94 298],[141 314],[184 339],[232 351]
422,5.432544386498733e-09,5.498040121086862,1.0,1.0,1.5567583200759998,[  0 276],[ 45 297],[ 94 298],[141 314],[184 339],[232 351]
423,4.938676714998848e-09,5.460494628271519,1.0,1.0,1.4625541733917233,[  0 276],[ 45 297],[ 94 304],[142 315],[184 340],[233 346]
424,4.489706104544408e-09,5.420245505291658,1.0,1.0,1.4633030643168747,[  0 276],[ 45 297],[ 93 310],[141 321],[183 346],[232 346]
425,4.08155100413128e-09,5.378608836985227,1.0,1.0,1.4583920727598159,[  0 276],[ 42 302],[ 91 309],[139 320],[181 345],[230 345]
426,3.7105009128466177e-09,5.335656062130559,1.0,1.0,1.5792379102738234,[  0 276],[ 42 302],[ 90 315],[139 320],[181 345],[230 351]
427,3.3731826480423796e-09,5.293235282621725,1.0,1.0,1.696762902546567,[  0 276],[ 42 302],[ 91 309],[135 331],[177 356],[226 356]
428,3.0665296800385267e-09,5.253143274046792,1.0,1.0,1.918521708326704,[  0 276],[ 42 302],[ 90 315],[137 331],[180 356],[228 368]
429,2.787754254580479e-09,5.218461796522548,1.0,1.0,2.0475900631344897,[  0 276],[ 42 302],[ 90 315],[137 331],[176 361],[224 373]
430,2.534322049618617e-09,5.189929639089024,1.0,1.0,2.0654374407319804,[  0 276],[ 45 297],[ 93 310],[137 332],[176 362],[224 374]
431,2.3039291360169246e-09,5.168861541879341,1.0,1.0,2.1934464994051774,[  0 276],[ 45 297],[ 93 310],[137 332],[176 362],[222 380]
432,2.0944810327426586e-09,5.157996309414718,1.0,1.0,2.1934464994051774,[  0 276],[ 45 297],[ 93 310],[137 332],[176 362],[222 380]
433,1.9040736661296898e-09,5.156406408536513,1.0,1.0,2.274809322121619,[  0 276],[ 45 297],[ 94 304],[141 320],[172 358],[216 381]
434,1.7309760601178997e-09,5.166102746729227,1.0,1.0,2.2208613733966605,[  0 276],[ 45 297],[ 93 310],[141 321],[176 356],[219 380]
435,1.5736146001071814e-09,5.183579022003031,1.0,1.0,2.176094661905876,[  0 276],[ 45 297],[ 93 310],[140 326],[179 356],[222 379]
436,1.430558727370165e-09,5.20753123142258,1.0,1.0,2.176094661905876,[  0 276],[ 45 297],[ 93 310],[140 326],[179 356],[222 379]
437,1.3005079339728771e-09,5.236333627316203,1.0,1.0,2.176094661905876,[  0 276],[ 45 297],[ 93 310],[140 326],[179 356],[222 379]
438,1.182279939975343e-09,5.268948796931847,1.0,1.0,2.176094661905876,[  0 276],[ 45 297],[ 93 310],[140 326],[179 356],[222 379]
439,1.0747999454321298e-09,5.305030124476601,1.0,1.0,2.2208613733966605,[  0 276],[ 45 297],[ 93 310],[141 321],[176 356],[219 380]
440,9.770908594837544e-10,5.344747175633988,1.0,1.0,2.0847782067743386,[  0 276],[ 45 297],[ 93 310],[141 321],[176 356],[222 374]
441,8.88264417712504e-10,5.386559676454859,1.0,1.0,2.0847782067743386,[  0 276],[ 45 297],[ 93 310],[141 321],[176 356],[222 374]
442,8.075131070113673e-10,5.431771312019719,1.0,1.0,2.0732515461046264,[  0 276],[ 45 297],[ 93 310],[141 321],[180 351],[223 374]
443,7.341028245557884e-10,5.479915888342709,1.0,1.0,2.0535033339608075,[  0 276],[ 45 297],[ 94 304],[141 320],[180 350],[223 373]
444,6.673662041416259e-10,5.531742082644096,1.0,1.0,2.0535033339608075,[  0 276],[ 45 297],[ 94 304],[141 320],[180 350],[223 373]
445,6.066965492196599e-10,5.586904990231411,1.0,1.0,1.9487544405271915,[  0 276],[ 45 297],[ 94 298],[138 320],[180 345],[223 368]
446,5.51542317472418e-10,5.643739847598526,1.0,1.0,2.032446703853068,[  0 276],[ 45 297],[ 94 304],[141 320],[184 345],[225 373]
447,5.014021067931073e-10,5.701588019662892,1.0,1.0,1.9487544405271915,[  0 276],[ 45 297],[ 94 298],[138 320],[180 345],[223 368]
448,4.5582009708464305e-10,5.757613515239324,1.0,1.0,1.830578564040992,[  0 276],[ 45 297],[ 94 298],[138 320],[180 345],[226 363]
449,4.143819064405846e-10,5.807346559250367,1.0,1.0,1.9149350584216227,[  0 276],[ 45 297],[ 94 304],[141 320],[184 345],[228 368]
450,3.767108240368951e-10,5.850749485559776,1.0,1.0,1.9149350584216227,[  0 276],[ 45 297],[ 94 304],[141 320],[184 345],[228 368]
451,3.4246438548808647e-10,5.888154386082279,1.0,1.0,1.8333838747978015,[  0 276],[ 45 297],[ 94 304],[138 326],[183 346],[229 364]
452,3.113312595346241e-10,5.917248896221727,1.0,1.0,1.952070287958618,[  0 276],[ 45 297],[ 94 304],[138 326],[180 351],[226 369]
453,2.8302841775874916e-10,5.940406957101499,1.0,1.0,1.9493634475424828,[  0 276],[ 45 297],[ 94 298],[138 320],[177 350],[223 368]
454,2.5729856159886286e-10,5.957021841429758,1.0,1.0,2.067539324028682,[  0 276],[ 45 297],[ 94 298],[138 320],[177 350],[220 373]
455,2.339077832716935e-10,5.9700355265095215,1.0,1.0,2.067539324028682,[  0 276],[ 45 297],[ 94 298],[138 320],[177 350],[220 373]
456,2.1264343933790318e-10,5.9803858492473445,1.0,1.0,1.9487544405271915,[  0 276],[ 45 297],[ 94 298],[138 320],[180 345],[223 368]
457,1.9331221757991199e-10,5.986695139626565,1.0,1.0,1.9353274574746078,[  0 276],[ 45 297],[ 94 304],[141 320],[180 350],[226 368]
458,1.757383796181018e-10,5.9891476690017935,1.0,1.0,1.9149350584216227,[  0 276],[ 45 297],[ 94 304],[141 320],[184 345],[228 368]
459,1.5976216328918344e-10,5.987815973840853,1.0,1.0,1.9098299704768917,[  0 276],[ 47 291],[ 95 304],[142 320],[185 345],[229 368]
460,1.4523833026289404e-10,5.982364004563818,1.0,1.0,1.9149350584216227,[  0 276],[ 45 297],[ 94 304],[141 320],[184 345],[228 368]
461,1.3203484569354003e-10,5.975091625925341,1.0,1.0,1.9149350584216227,[  0 276],[ 45 297],[ 94 304],[141 320],[184 345],[228 368]
462,1.200316779032182e-10,5.966164329685552,1.0,1.0,1.9149350584216227,[  0 276],[ 45 297],[ 94 304],[141 320],[184 345],[228 368]
463,1.0911970718474382e-10,5.955889744635521,1.0,1.0,1.8138357335569821,[  0 276],[ 45 297],[ 94 298],[141 314],[180 344],[226 362]
464,9.919973380431257e-11,5.943281018220896,1.0,1.0,1.7872688176986573,[  0 276],[ 45 297],[ 94 304],[141 320],[184 345],[230 362]
465,9.01815761857387e-11,5.928188068985843,1.0,1.0,1.7827483682093501,[  0 276],[ 45 297],[ 93 310],[140 326],[185 345],[231 362]
466,8.198325107794427e-11,5.9122034868769155,1.0,1.0,1.6777051458317471,[  0 276],[ 45 297],[ 93 310],[140 326],[183 351],[232 357]
467,7.45302282526766e-11,5.8928346637139635,1.0,1.0,1.7028258377248018,[  0 276],[ 42 302],[ 90 315],[138 326],[180 351],[229 357]
468,6.775475295697873e-11,5.871873070800338,1.0,1.0,1.8216107212262922,[  0 276],[ 42 302],[ 90 315],[138 326],[177 356],[226 362]
469,6.159522996088976e-11,5.852694788476842,1.0,1.0,1.822510254350736,[  0 276],[ 42 302],[ 90 315],[134 337],[179 357],[228 363]
470,5.599566360080887e-11,5.833999648127242,1.0,1.0,1.941215591493913,[  0 276],[ 42 302],[ 90 315],[131 342],[176 362],[225 368]
471,5.090514872800807e-11,5.817362436896774,1.0,1.0,2.1923608762740567,[  0 276],[ 42 302],[ 90 315],[131 342],[176 362],[222 380]
472,4.627740793455279e-11,5.807132840343752,1.0,1.0,2.1831177771199903,[  0 276],[ 42 302],[ 90 315],[134 337],[173 367],[221 379]
473,4.207037084959344e-11,5.800983854693205,1.0,1.0,2.3111268357931873,[  0 276],[ 42 302],[ 90 315],[134 337],[173 367],[219 385]
474,3.824579168144858e-11,5.800327004850671,1.0,1.0,2.2908099198980985,[  0 276],[ 42 302],[ 90 315],[137 331],[172 365],[218 383]
475,3.476890152858962e-11,5.8027744676647695,1.0,1.0,2.2937749982938858,[  0 276],[ 42 302],[ 90 315],[137 331],[176 361],[219 384]
476,3.160809229871783e-11,5.808084465781202,1.0,1.0,2.2937749982938858,[  0 276],[ 42 302],[ 90 315],[137 331],[176 361],[219 384]
477,2.8734629362470758e-11,5.8176165625838685,1.0,1.0,2.307507790918136,[  0 276],[ 42 302],[ 91 309],[132 336],[177 356],[217 384]
478,2.612239032951887e-11,5.831357291496887,1.0,1.0,2.307507790918136,[  0 276],[ 42 302],[ 91 309],[132 336],[177 356],[217 384]
479,2.3747627572289882e-11,5.849202127770037,1.0,1.0,2.3116223758913765,[  0 276],[ 45 297],[ 93 310],[137 332],[176 362],[219 385]
480,2.1588752338445345e-11,5.870903693546735,1.0,1.0,2.3116223758913765,[  0 276],[ 45 297],[ 93 310],[137 332],[176 362],[219 385]
481,1.9626138489495767e-11,5.896041762218321,1.0,1.0,2.308593414049256,[  0 276],[ 45 297],[ 94 304],[138 326],[177 356],[217 384]
482,1.784194408135979e-11,5.924262620405593,1.0,1.0,2.308593414049256,[  0 276],[ 45 297],[ 94 304],[138 326],[177 356],[217 384]
483,1.6219949164872537e-11,5.9552860145162185,1.0,1.0,2.295657028008824,[  0 276],[ 45 297],[ 93 310],[140 326],[179 356],[219 384]
484,1.4745408331702307e-11,5.990059390450221,1.0,1.0,2.295657028008824,[  0 276],[ 45 297],[ 93 310],[140 326],[179 356],[219 384]
485,1.3404916665183916e-11,6.028604116894453,1.0,1.0,2.176094661905876,[  0 276],[ 45 297],[ 93 310],[140 326],[179 356],[222 379]
486,1.2186287877439923e-11,6.069008590394161,1.0,1.0,2.2208613733966605,[  0 276],[ 45 297],[ 93 310],[141 321],[176 356],[219 380]
487,1.1078443524945384e-11,6.113146605769781,1.0,1.0,2.2208613733966605,[  0 276],[ 45 297],[ 93 310],[141 321],[176 356],[219 380]
488,1.0071312295404894e-11,6.160336195234053,1.0,1.0,2.192813912207574,[  0 276],[ 45 297],[ 93 310],[141 321],[180 351],[220 379]
489,9.155738450368085e-12,6.208297683714953,1.0,1.0,2.0496919464311913,[  0 276],[ 42 302],[ 91 303],[138 319],[177 349],[220 372]
490,8.323398591243714e-12,6.254996969044141,1.0,1.0,2.0732515461046264,[  0 276],[ 45 297],[ 93 310],[141 321],[180 351],[223 374]
491,7.56672599203974e-12,6.299251355088095,1.0,1.0,1.952070287958618,[  0 276],[ 45 297],[ 94 304],[138 326],[180 351],[226 369]
492,6.878841810945218e-12,6.336205925287388,1.0,1.0,1.9713678759664512,[  0 276],[ 42 302],[ 91 309],[139 320],[174 355],[222 368]
493,6.253492555404744e-12,6.366913490452833,1.0,1.0,1.9544661020132208,[  0 276],[ 45 297],[ 91 316],[135 338],[182 352],[228 370]
494,5.684993232186131e-12,6.389965903324421,1.0,1.0,2.0728580373458745,[  0 276],[ 42 302],[ 88 321],[132 343],[177 363],[225 375]
495,5.168175665623755e-12,6.407950571172878,1.0,1.0,2.310329334008182,[  0 276],[ 42 302],[ 88 321],[132 343],[171 373],[219 385]
496,4.698341514203414e-12,6.424526010158489,1.0,1.0,2.4377483096484482,[  0 276],[ 42 302],[ 88 321],[129 348],[174 368],[217 391]
497,4.2712195583667394e-12,6.441557863482061,1.0,1.0,2.487395367748794,[  0 276],[ 45 297],[ 91 316],[128 348],[170 374],[216 393]
498,3.88292687124249e-12,6.459494378914818,1.0,1.0,2.440829372949099,[  0 276],[ 42 302],[ 90 315],[134 337],[169 372],[215 390]
499,3.5299335193113546e-12,6.477618323608655,1.0,1.0,2.4293027122793864,[  0 276],[ 42 302],[ 90 315],[134 337],[173 367],[216 390]
500,3.2090304721012316e-12,6.495699368826526,1.0,1.0,2.4300801948808437,[  0 276],[ 42 302],[ 90 315],[134 337],[176 362],[216 390]
501,2.9173004291829376e-12,6.513752016556264,1.0,1.0,2.4300801948808437,[  0 276],[ 42 302],[ 90 315],[134 337],[176 362],[216 390]
502,2.652091299257216e-12,6.531820152412821,1.0,1.0,2.3639402245601753,[  0 276],[ 45 297],[ 91 316],[137 333],[179 359],[219 388]
503,2.4109920902338327e-12,6.549000459698476,1.0,1.0,2.3200490492780776,[  0 276],[ 45 297],[ 91 316],[135 338],[177 363],[220 386]
504,2.191810991121666e-12,6.5649515393391065,1.0,1.0,2.307507790918136,[  0 276],[ 42 302],[ 91 309],[132 336],[177 356],[217 384]
505,1.992555446474242e-12,6.5796141221429885,1.0,1.0,2.3200490492780776,[  0 276],[ 45 297],[ 91 316],[135 338],[177 363],[220 386]
506,1.8114140422493108e-12,6.594906757247048,1.0,1.0,2.3074888669357754,[  0 276],[ 42 302],[ 91 309],[135 331],[177 356],[217 384]
507,1.6467400384084644e-12,6.609990436798999,1.0,1.0,2.1879265008328277,[  0 276],[ 42 302],[ 91 309],[135 331],[177 356],[220 379]
508,1.4970363985531494e-12,6.62325376085672,1.0,1.0,2.1711836703488174,[  0 276],[ 42 302],[ 91 309],[138 325],[177 355],[220 378]
509,1.3609421805028631e-12,6.635016370338392,1.0,1.0,2.192837492389886,[  0 276],[ 45 297],[ 93 310],[137 332],[179 357],[222 380]
510,1.2372201640935119e-12,6.647661636402986,1.0,1.0,2.187902920650515,[  0 276],[ 42 302],[ 91 309],[139 320],[178 350],[218 378]
511,1.1247456037213744e-12,6.660720760660061,1.0,1.0,2.1937134453320177,[  0 276],[ 45 297],[ 93 310],[137 332],[182 352],[222 380]
512,1.0224960033830676e-12,6.675887825767038,1.0,1.0,2.068340554547567,[  0 276],[ 42 302],[ 91 309],[139 320],[178 350],[221 373]
513,9.295418212573342e-13,6.690998421481306,1.0,1.0,2.0375263863666913,[  0 276],[ 45 297],[ 93 310],[140 326],[183 351],[227 374]
514,8.450380193248493e-13,6.705867966917279,1.0,1.0,2.0375263863666913,[  0 276],[ 45 297],[ 93 310],[140 326],[183 351],[227 374]
515,7.682163812044084e-13,6.718903940254811,1.0,1.0,2.070246164444818,[  0 276],[ 45 297],[ 94 304],[138 326],[180 351],[223 374]
516,6.98378528367644e-13,6.727480963703976,1.0,1.0,2.0375263863666913,[  0 276],[ 45 297],[ 93 310],[140 326],[183 351],[227 374]
517,6.348895712433127e-13,6.729820686067557,1.0,1.0,1.9353274574746078,[  0 276],[ 45 297],[ 94 304],[141 320],[180 350],[226 368]
518,5.771723374939206e-13,6.724419507621618,1.0,1.0,1.9149350584216227,[  0 276],[ 45 297],[ 94 304],[141 320],[184 345],[228 368]
519,5.247021249944733e-13,6.712338059290844,1.0,1.0,1.9149350584216227,[  0 276],[ 45 297],[ 94 304],[141 320],[184 345],[228 368]
520,4.770019318131575e-13,6.694340820073899,1.0,1.0,1.9149350584216227,[  0 276],[ 45 297],[ 94 304],[141 320],[184 345],[228 368]
521,4.3363811983014317e-13,6.670954987106778,1.0,1.0,1.9269674406056534,[  0 276],[ 42 302],[ 91 303],[139 313],[178 343],[221 366]
522,3.942164725728574e-13,6.64283451048746,1.0,1.0,1.8324843416733578,[  0 276],[ 45 297],[ 94 304],[142 315],[181 345],[227 363]
523,3.5837861142987036e-13,6.610023315157806,1.0,1.0,1.7872688176986573,[  0 276],[ 45 297],[ 94 304],[141 320],[184 345],[230 362]
524,3.257987376635185e-13,6.572929770791127,1.0,1.0,1.7872688176986573,[  0 276],[ 45 297],[ 94 304],[141 320],[184 345],[230 362]
525,2.9618067060319864e-13,6.53211419900479,1.0,1.0,1.7827483682093501,[  0 276],[ 45 297],[ 93 310],[140 326],[185 345],[231 362]
526,2.692551550938169e-13,6.4876823062753655,1.0,1.0,1.8067735006395327,[  0 276],[ 45 297],[ 93 310],[140 326],[179 356],[228 362]
527,2.447774137216517e-13,6.440461739708212,1.0,1.0,1.8354932843319305,[  0 276],[ 45 297],[ 91 316],[139 327],[181 352],[229 364]
528,2.2252492156513792e-13,6.392728044422151,1.0,1.0,1.9635023430051273,[  0 276],[ 45 297],[ 91 316],[139 327],[181 352],[227 370]
529,2.0229538324103448e-13,6.346501757880136,1.0,1.0,1.94665255723049,[  0 276],[ 45 297],[ 93 310],[137 332],[179 357],[227 369]
530,1.8390489385548588e-13,6.301120793726132,1.0,1.0,2.0579187854196768,[  0 276],[ 45 297],[ 93 310],[140 326],[179 356],[225 374]
531,1.6718626714135079e-13,6.2580928608329796,1.0,1.0,2.07415107922907,[  0 276],[ 45 297],[ 93 310],[137 332],[182 352],[225 375]
532,1.5198751558304618e-13,6.217346162301437,1.0,1.0,2.07415107922907,[  0 276],[ 45 297],[ 93 310],[137 332],[182 352],[225 375]
533,1.3817046871186015e-13,6.18038294351842,1.0,1.0,2.0495844336531985,[  0 276],[ 45 297],[ 94 304],[132 336],[179 350],[223 373]
534,1.2560951701078196e-13,6.146944445269583,1.0,1.0,2.0972734459456825,[  0 276],[ 45 297],[ 93 310],[142 315],[177 350],[220 374]
535,1.1419047000980179e-13,6.1173605431285365,1.0,1.0,1.9611902793233604,[  0 276],[ 45 297],[ 93 310],[142 315],[177 350],[223 368]
536,1.038095181907289e-13,6.088978960930474,1.0,1.0,2.0732515461046264,[  0 276],[ 45 297],[ 93 310],[141 321],[180 351],[223 374]
537,9.437228926429899e-14,6.063664683837753,1.0,1.0,2.0375263863666913,[  0 276],[ 45 297],[ 93 310],[140 326],[183 351],[227 374]
538,8.579299024027181e-14,6.042045326420171,1.0,1.0,2.0375263863666913,[  0 276],[ 45 297],[ 93 310],[140 326],[183 351],[227 374]
539,7.799362749115619e-14,6.024063065057984,1.0,1.0,1.9611902793233604,[  0 276],[ 45 297],[ 93 310],[142 315],[177 350],[223 368]
540,7.09032977192329e-14,6.008346307741019,1.0,1.0,2.0732515461046264,[  0 276],[ 45 297],[ 93 310],[141 321],[180 351],[223 374]
541,6.445754338112082e-14,5.9962172077394555,1.0,1.0,2.074029028706083,[  0 276],[ 45 297],[ 93 310],[141 321],[183 346],[223 374]
542,5.859776671010984e-14,5.987196138484858,1.0,1.0,2.0375263863666913,[  0 276],[ 45 297],[ 93 310],[140 326],[183 351],[227 374]
543,5.3270697009190763e-14,5.981791194317406,1.0,1.0,2.0375263863666913,[  0 276],[ 45 297],[ 93 310],[140 326],[183 351],[227 374]
544,4.84279063719916e-14,5.980290211919741,1.0,1.0,2.0375263863666913,[  0 276],[ 45 297],[ 93 310],[140 326],[183 351],[227 374]
545,4.402536942908327e-14,5.982338285676429,1.0,1.0,2.074029028706083,[  0 276],[ 45 297],[ 93 310],[141 321],[183 346],[223 374]
546,4.002306311734843e-14,5.988172179916554,1.0,1.0,2.074029028706083,[  0 276],[ 45 297],[ 93 310],[141 321],[183 346],[223 374]
547,3.638460283395312e-14,5.997120113699394,1.0,1.0,2.0649927877141767,[  0 276],[ 45 297],[ 93 310],[137 332],[184 346],[224 374]
548,3.3076911667230106e-14,6.0083841376390055,1.0,1.0,2.027926254363761,[  0 276],[ 45 297],[ 93 310],[140 326],[185 345],[226 373]
549,3.0069919697481915e-14,6.019502667284453,1.0,1.0,2.071122117386949,[  0 276],[ 45 297],[ 94 304],[138 326],[183 346],[223 374]
550,2.7336290634074467e-14,6.031307733691538,1.0,1.0,2.027926254363761,[  0 276],[ 45 297],[ 93 310],[140 326],[185 345],[226 373]
551,2.485117330370406e-14,6.04163062318358,1.0,1.0,2.027926254363761,[  0 276],[ 45 297],[ 93 310],[140 326],[185 345],[226 373]
552,2.2591975730640054e-14,6.050384729655455,1.0,1.0,1.9550756696184266,[  0 276],[ 45 297],[ 93 310],[141 321],[180 351],[226 369]
553,2.0538159755127323e-14,6.056719252680651,1.0,1.0,2.0535033339608075,[  0 276],[ 45 297],[ 94 304],[141 320],[180 350],[223 373]
554,1.867105432284302e-14,6.0625313495259325,1.0,1.0,2.070246164444818,[  0 276],[ 45 297],[ 94 304],[138 326],[180 351],[223 374]
555,1.697368574803911e-14,6.067446520092086,1.0,1.0,2.070246164444818,[  0 276],[ 45 297],[ 94 304],[138 326],[180 351],[223 374]
556,1.543062340730828e-14,6.073401982676609,1.0,1.0,2.070246164444818,[  0 276],[ 45 297],[ 94 304],[138 326],[180 351],[223 374]
557,1.4027839461189346e-14,6.078775057094451,1.0,1.0,2.071122117386949,[  0 276],[ 45 297],[ 94 304],[138 326],[183 346],[223 374]
558,1.275258132835395e-14,6.084117793806402,1.0,1.0,2.071122117386949,[  0 276],[ 45 297],[ 94 304],[138 326],[183 346],[223 374]
559,1.1593255753049045e-14,6.089432950785724,1.0,1.0,2.0535033339608075,[  0 276],[ 45 297],[ 94 304],[141 320],[180 350],[223 373]
560,1.0539323411862768e-14,6.095523726057436,1.0,1.0,2.071122117386949,[  0 276],[ 45 297],[ 94 304],[138 326],[183 346],[223 374]
561,9.581203101693425e-15,6.101031756821934,1.0,1.0,2.032446703853068,[  0 276],[ 45 297],[ 94 304],[141 320],[184 345],[225 373]
562,8.710184637903114e-15,6.10547202581439,1.0,1.0,2.0192204362912385,[  0 276],[ 45 297],[ 94 304],[141 320],[186 339],[223 371]
563,7.918349670821013e-15,6.109259007397413,1.0,1.0,1.7882304741099042,[  0 276],[ 45 297],[ 94 298],[142 308],[185 333],[226 361]
564,7.198499700746375e-15,6.109302228214841,1.0,1.0,1.5867956832894625,[  0 276],[ 45 297],[ 94 298],[143 303],[185 328],[228 351]
565,6.544090637042159e-15,6.103195192097814,1.0,1.0,1.4647015008398474,[  0 276],[ 45 297],[ 94 298],[143 297],[185 322],[228 345]
566,5.9491733064019626e-15,6.089334329338703,1.0,1.0,1.2655209223285462,[  0 276],[ 45 297],[ 93 286],[142 290],[185 314],[229 336]
567,5.40833936945633e-15,6.065708434470728,1.0,1.0,1.046368121651432,[  0 276],[ 49 285],[ 98 280],[146 290],[195 298],[236 326]
568,4.9166721540512085e-15,6.030340011871712,1.0,1.0,0.9528161795162617,[  0 276],[ 49 285],[ 98 292],[147 285],[194 299],[238 322]
569,4.469701958228371e-15,5.983526308488323,1.0,1.0,0.830224851571193,[  0 276],[ 49 285],[ 98 292],[146 279],[193 293],[237 316]
570,4.0633654165712465e-15,5.924047069969573,1.0,1.0,0.7139510342945161,[  0 276],[ 45 297],[ 94 292],[142 279],[191 287],[235 310]
571,3.693968560519315e-15,5.852057191042492,1.0,1.0,0.5943373389282012,[  0 276],[ 49 285],[ 98 292],[144 273],[191 287],[237 305]
572,3.3581532368357406e-15,5.767062906807388,1.0,1.0,0.5331009349961282,[  0 276],[ 45 297],[ 93 286],[141 272],[190 279],[234 301]
573,3.0528665789415822e-15,5.670404811121536,1.0,1.0,0.4138557002216837,[  0 276],[ 45 297],[ 94 292],[137 267],[186 274],[230 296]
574,2.7753332535832566e-15,5.560174983674318,1.0,1.0,0.3208547869245136,[  0 276],[ 45 297],[ 93 286],[139 267],[184 286],[233 291]
575,2.523030230530233e-15,5.436110712665207,1.0,1.0,0.17132631789671413,[  0 276],[ 47 291],[ 94 274],[143 266],[189 285],[238 284]
576,2.2936638459365755e-15,5.297430650203995,1.0,1.0,0.1714638223764243,[  0 276],[ 47 291],[ 94 274],[142 260],[188 279],[237 284]
577,2.0851489508514323e-15,5.145465379665597,1.0,1.0,0.005856313487426323,[  0 276],[ 45 297],[ 92 281],[140 268],[189 276],[238 276]
578,1.895589955319484e-15,4.979152418213879,1.0,1.0,-0.057238564841160494,[  0 276],[ 45 297],[ 92 281],[138 263],[185 278],[234 273]
579,0.005203505894652677,4.798935716681933,1.0,1.0,-0.06242629631527501,[  0 276],[ 45 297],[ 92 281],[138 263],[187 272],[236 273]
580,0.015609083645723843,4.60624876578549,1.0,1.0,-0.0778419169613823,[  0 276],[ 47 291],[ 94 274],[142 260],[190 273],[239 272]
581,0.03214523768864148,4.401774755411246,1.0,1.0,-0.14620854348931484,[  0 276],[ 47 291],[ 95 280],[141 261],[190 269],[239 269]
582,0.06046979077214068,4.186180356243629,1.0,1.0,-0.14620854348931484,[  0 276],[ 47 291],[ 95 280],[141 261],[190 269],[239 269]
583,0.09951107025616857,3.9606568709124232,1.0,1.0,-0.20043324490645092,[  0 276],[ 47 291],[ 94 274],[142 260],[191 267],[240 266]
584,0.15322434659678036,3.728517378988377,1.0,1.0,-0.20043324490645092,[  0 276],[ 47 291],[ 94 274],[142 260],[191 267],[240 266]
585,0.220275801897923,3.4931101736729366,1.0,1.0,-0.32725020477790145,[  0 276],[ 49 285],[ 96 268],[145 260],[194 261],[243 260]
586,0.3109816889696801,3.2546679183095666,1.0,1.0,-0.3277151588301806,[  0 276],[ 49 285],[ 96 268],[144 254],[193 261],[242 260]
587,0.4232338734740211,3.0161762850543385,1.0,1.0,-0.3219249688240768,[  0 276],[ 47 291],[ 94 274],[142 260],[191 261],[240 260]
588,0.5545472201892472,2.7807071672249197,1.0,1.0,-0.3274220584223712,[  0 276],[ 49 285],[ 97 274],[145 260],[194 261],[243 260]
589,0.7036886316051228,2.5491865386808303,1.0,1.0,-0.3165542963154874,[  0 276],[ 47 291],[ 91 269],[140 261],[189 262],[238 261]
590,0.8680493961936905,2.323075342533204,1.0,1.0,-0.26078356796415525,[  0 276],[ 47 291],[ 96 292],[139 268],[188 270],[237 264]
591,0.9901171978879997,2.1042278741863796,1.0,1.0,-0.2628760457005447,[  0 276],[ 47 291],[ 96 292],[139 268],[188 276],[236 264]
592,1.047057259525717,1.8935863568079654,1.0,1.0,-0.13781038553901154,[  0 276],[ 45 297],[ 94 292],[140 273],[189 275],[238 269]
593,1.0503572305603575,1.6929452775475642,1.0,1.0,-0.13781038553901154,[  0 276],[ 45 297],[ 94 292],[140 273],[189 275],[238 269]
594,1.015733958753514,1.5030215770504627,1.0,1.0,-0.14038772227700924,[  0 276],[ 47 291],[ 96 286],[144 273],[193 281],[241 269]
595,0.9550896401177913,1.3240739969276225,1.0,1.0,-0.1955105479449299,[  0 276],[ 47 291],[ 91 269],[140 267],[188 280],[236 267]
596,0.8843833215492513,1.1563920577362907,1.0,1.0,-0.1955105479449299,[  0 276],[ 47 291],[ 91 269],[140 267],[189 268],[238 267]
597,0.8045172299072672,0.9989497352397889,1.0,1.0,-0.17562915792064196,[  0 276],[ 47 291],[ 91 269],[140 267],[188 257],[236 268]
598,0.7313792999156974,0.8533455492692227,1.0,1.0,-0.19446011386587228,[  0 276],[ 47 291],[ 91 269],[140 261],[189 262],[238 267]
599,0.664890272650634,0.7191069045365527,1.0,1.0,-0.4209689142279899,[  0 276],[ 47 291],[ 89 263],[138 267],[187 263],[236 256]
600,0.6044457024096673,0.5921825554444066,1.0,1.0,-0.3198655424916913,[  0 276],[ 47 291],[ 89 263],[138 261],[187 262],[236 261]
601,0.5494960930996976,0.4734964613761332,1.0,1.0,-0.40195669307201615,[  0 276],[ 49 285],[ 93 262],[142 259],[191 259],[240 257]
602,0.4995419028179069,0.3621125374561206,1.0,1.0,-0.42185728457476673,[  0 276],[ 49 285],[ 93 262],[142 259],[191 253],[240 256]
603,0.45412900256173355,0.2570955783322166,1.0,1.0,-0.5441536098733691,[  0 276],[ 49 285],[ 93 262],[142 259],[191 253],[240 250]
604,0.41284454778339413,0.15693851960639132,1.0,1.0,-0.5313950736377727,[  0 276],[ 47 291],[ 95 280],[141 261],[190 257],[239 250]
605,0.375313225257631,0.061373532191123056,1.0,1.0,-0.5313950736377727,[  0 276],[ 47 291],[ 95 280],[141 261],[190 257],[239 250]
606,0.3411938411433009,-0.028287522761755432,1.0,1.0,-0.44197670721815474,[  0 276],[ 47 291],[ 96 286],[139 261],[188 268],[236 255]
607,0.31017621922118266,-0.11135568474239008,1.0,1.0,-0.39560833783839755,[  0 276],[ 47 291],[ 96 286],[142 267],[191 275],[237 257]
608,0.28197838111016604,-0.18787696884770774,1.0,1.0,-0.26794209711543227,[  0 276],[ 47 291],[ 96 286],[142 267],[189 281],[235 263]
609,0.25634398282742366,-0.25663068219835644,1.0,1.0,-0.27312982858954676,[  0 276],[ 49 285],[ 98 286],[144 267],[191 281],[237 263]
610,0.23303998438856696,-0.318541906139047,1.0,1.0,-0.20151587042868296,[  0 276],[ 47 291],[ 94 274],[143 272],[192 279],[240 266]
611,0.2118545312623336,-0.3740166411187365,1.0,1.0,-0.14557545375112377,[  0 276],[ 49 285],[ 98 286],[146 273],[195 281],[243 269]
612,0.1925950284203033,-0.4228486648464167,1.0,1.0,-0.07818346652873662,[  0 276],[ 47 291],[ 95 280],[144 272],[193 273],[242 272]
613,0.17508638947300298,-0.4664283193396222,1.0,1.0,-0.2090890098896795,[  0 276],[ 49 285],[ 98 280],[147 272],[195 285],[241 266]
614,0.15916944497545726,-0.5070181683018635,1.0,1.0,-0.09842027398594268,[  0 276],[ 47 291],[ 95 280],[144 272],[193 267],[242 271]
615,0.14469949543223387,-0.543345747609023,1.0,1.0,-0.16422123981955342,[  0 276],[ 47 291],[ 96 286],[142 267],[191 263],[240 268]
616,0.13154499584748533,-0.5759441473229128,1.0,1.0,-0.20014014449864156,[  0 276],[ 47 291],[ 95 280],[143 266],[192 267],[241 266]
617,0.1195863598613503,-0.6056421870158177,1.0,1.0,-0.31700227186255575,[  0 276],[ 47 291],[ 91 269],[140 267],[189 268],[238 261]
618,0.10871487260122754,-0.6345682201085756,1.0,1.0,-0.3442539286106573,[  0 276],[ 47 291],[ 95 280],[144 272],[192 261],[241 259]
619,0.0988317023647523,-0.6629072567576025,1.0,1.0,-0.40780714618679437,[  0 276],[ 47 291],[ 96 286],[142 267],[191 263],[240 256]
620,0.08984700214977483,-0.6884905386925199,1.0,1.0,-0.26794209711543227,[  0 276],[ 47 291],[ 96 286],[142 267],[189 281],[235 263]
621,0.08167909286343167,-0.7110400207418593,1.0,1.0,-0.27351415538878243,[  0 276],[ 47 291],[ 96 292],[142 273],[191 281],[237 263]
622,0.07425372078493787,-0.7297880607273967,1.0,1.0,-0.20694260299143918,[  0 276],[ 47 291],[ 95 280],[144 278],[193 285],[239 266]
623,0.0675033825317617,-0.7439010786926579,1.0,1.0,-0.039820047198319136,[  0 276],[ 47 291],[ 94 274],[143 278],[192 286],[240 274]
624,0.06136671139251064,-0.7498538191700538,1.0,1.0,0.04332118469012208,[  0 276],[ 47 291],[ 94 274],[143 278],[191 291],[239 278]
625,0.05972620896502077,-0.7474283615359424,1.0,1.0,-0.08187745300148802,[  0 276],[ 49 285],[ 98 280],[147 272],[195 285],[243 272]
626,0.05823484312184816,-0.7390936143144372,1.0,1.0,-0.022368870608638625,[  0 276],[ 47 291],[ 96 292],[142 273],[191 281],[240 275]
627,0.05687905599169124,-0.7257946463411209,1.0,1.0,-0.08187745300148802,[  0 276],[ 49 285],[ 98 280],[147 272],[196 273],[245 272]
628,0.055646522237003136,-0.7094265270266937,1.0,1.0,-0.08187745300148802,[  0 276],[ 49 285],[ 98 280],[147 272],[196 273],[245 272]
629,0.05452603700546849,-0.6920091734120243,1.0,1.0,-0.07818346652873662,[  0 276],[ 47 291],[ 95 280],[144 272],[193 273],[242 272]
630,0.05350741406770973,-0.6735168560978593,1.0,1.0,-0.19967519044636245,[  0 276],[ 47 291],[ 95 280],[144 272],[193 273],[242 266]
631,0.05258139321520176,-0.6566805583579503,1.0,1.0,-0.20041626640124016,[  0 276],[ 47 291],[ 94 274],[143 272],[192 273],[241 266]
632,0.051739556076558155,-0.6421226624032619,1.0,1.0,-0.22066600115967905,[  0 276],[ 47 291],[ 95 280],[144 272],[193 267],[242 265]
633,0.050974249586882146,-0.6308311551894217,1.0,1.0,-0.3417097495302366,[  0 276],[ 47 291],[ 95 280],[144 272],[193 267],[242 259]
634,0.050278516414449415,-0.6223746132628473,1.0,1.0,-0.3417097495302366,[  0 276],[ 47 291],[ 95 280],[144 272],[193 267],[242 259]
635,0.04964603171223784,-0.6180044316324745,1.0,1.0,-0.3044321619521104,[  0 276],[ 47 291],[ 95 280],[144 278],[192 268],[241 261]
636,0.04907104561931822,-0.615943506361216,1.0,1.0,-0.28059558929860295,[  0 276],[ 47 291],[ 96 286],[144 273],[193 269],[242 262]
637,0.0485483309893913,-0.6151670576346168,1.0,1.0,-0.2567388887159629,[  0 276],[ 45 297],[ 92 281],[141 274],[190 270],[239 263]
638,0.048073135871275915,-0.6136394217493458,1.0,1.0,-0.16422123981955342,[  0 276],[ 47 291],[ 96 292],[142 273],[191 269],[240 268]
639,0.04764114030935284,-0.6097956706428571,1.0,1.0,-0.2655771584643495,[  0 276],[ 49 285],[ 98 280],[146 267],[195 269],[244 263]
640,0.04724841707124095,-0.6043618516225614,1.0,1.0,-0.3073098281436425,[  0 276],[ 49 285],[ 96 268],[145 272],[194 268],[243 261]
641,0.04689139594568469,-0.5999588488454045,1.0,1.0,-0.345403736002988,[  0 276],[ 49 285],[ 98 280],[147 272],[196 267],[245 259]
642,0.046566831286088094,-0.5969364315109101,1.0,1.0,-0.28638577930470677,[  0 276],[ 49 285],[ 98 280],[146 267],[195 263],[244 262]
643,0.04627177250463664,-0.595272095429278,1.0,1.0,-0.4078775032223326,[  0 276],[ 49 285],[ 98 280],[146 267],[195 263],[244 256]
644,0.04600353724877168,-0.5987780279372125,1.0,1.0,-0.45903683094642983,[  0 276],[ 47 291],[ 91 269],[140 267],[189 262],[238 254]
645,0.04182139749888335,-0.6088155758849242,1.0,1.0,-0.45903683094642983,[  0 276],[ 47 291],[ 91 269],[140 261],[189 256],[238 254]
646,0.038019452271712134,-0.623083701900275,1.0,1.0,-0.5313950736377727,[  0 276],[ 47 291],[ 95 280],[141 261],[190 257],[239 250]
647,0.034563138428829215,-0.6429959919555366,1.0,1.0,-0.6324563786016532,[  0 276],[ 49 279],[ 98 286],[141 262],[190 258],[238 246]
648,0.03142103493529929,-0.6686059682639585,1.0,1.0,-0.5166520862089551,[  0 276],[ 47 291],[ 96 286],[142 267],[191 269],[237 251]
649,0.028564577213908444,-0.697816509906262,1.0,1.0,-0.5726392142706854,[  0 276],[ 49 285],[ 97 274],[146 266],[195 273],[238 249]
650,0.025967797467189493,-0.7311141261412009,1.0,1.0,-0.44994302933190167,[  0 276],[ 47 291],[ 95 280],[143 266],[192 273],[238 254]
651,0.023607088606535903,-0.7647974296123117,1.0,1.0,-0.3886430275357582,[  0 276],[ 47 291],[ 96 286],[142 267],[191 269],[239 257]
652,0.021460989642305365,-0.7979853431469741,1.0,1.0,-0.39383075900987274,[  0 276],[ 49 285],[ 98 286],[144 267],[193 269],[241 257]
653,0.019509990583913967,-0.830517511240079,1.0,1.0,-0.45028950827003844,[  0 276],[ 49 285],[ 96 268],[145 266],[194 267],[242 254]
654,0.017736355076285425,-0.8615728425802625,1.0,1.0,-0.4560093412406041,[  0 276],[ 49 285],[ 96 268],[145 266],[194 273],[240 254]
655,0.016123959160259476,-0.8913635927764797,1.0,1.0,-0.4437658532036789,[  0 276],[ 47 291],[ 91 269],[140 261],[188 274],[234 255]
656,0.014658144691144978,-0.9203460978355623,1.0,1.0,-0.44197670721815474,[  0 276],[ 47 291],[ 96 286],[139 261],[188 268],[236 255]
657,0.01332558608285907,-0.9488944813154494,1.0,1.0,-0.43914562426055603,[  0 276],[ 47 291],[ 91 269],[140 261],[189 268],[237 255]
658,0.01211416916623552,-0.977334921781864,1.0,1.0,-0.5663571811487476,[  0 276],[ 47 291],[ 91 269],[140 261],[189 268],[235 249]
659,0.011012881060214108,-1.008673539587639,1.0,1.0,-0.5663571811487476,[  0 276],[ 47 291],[ 91 269],[140 261],[189 268],[235 249]
660,0.010011710054740098,-1.0412647379022215,1.0,1.0,-0.6911601512425772,[  0 276],[ 47 291],[ 89 263],[138 261],[187 262],[233 243]
661,0.00910155459521827,-1.0761274225941004,1.0,1.0,-0.6934274390902111,[  0 276],[ 49 285],[ 96 268],[145 260],[194 255],[242 242]
662,0.008274140541107517,-1.1125665500833615,1.0,1.0,-0.7699485810764353,[  0 276],[ 49 285],[ 93 262],[142 253],[191 259],[237 239]
663,0.007521945946461379,-1.1522870678250314,1.0,1.0,-0.7620248379853686,[  0 276],[ 47 291],[ 94 274],[140 255],[189 257],[235 239]
664,0.0068381326786012536,-1.1932259112460455,1.0,1.0,-0.640981089614811,[  0 276],[ 47 291],[ 94 274],[140 255],[189 263],[235 245]
665,0.006216484253273867,-1.2329240997015363,1.0,1.0,-0.690679988023972,[  0 276],[ 47 291],[ 96 286],[139 261],[188 262],[234 243]
666,0.00565134932115806,-1.2721721322575852,1.0,1.0,-0.6983110906331205,[  0 276],[ 49 279],[ 97 268],[146 266],[195 261],[241 242]
667,0.005137590291961873,-1.3101282893584754,1.0,1.0,-0.6402400136599333,[  0 276],[ 47 291],[ 95 280],[141 261],[190 263],[236 245]
668,0.004670536629056248,-1.3447400272009884,1.0,1.0,-0.5122309549867365,[  0 276],[ 47 291],[ 95 280],[141 261],[190 263],[238 251]
669,0.0042459423900511346,-1.3761449552684246,1.0,1.0,-0.5181670182974711,[  0 276],[ 49 285],[ 98 286],[141 262],[190 270],[236 252]
670,0.0038599476273192134,-1.4039520872028228,1.0,1.0,-0.4485573757482456,[  0 276],[ 49 279],[ 97 268],[146 260],[195 267],[243 254]
671,0.0035090432975629212,-1.429212402776135,1.0,1.0,-0.45028950827003844,[  0 276],[ 49 285],[ 96 268],[145 266],[194 267],[242 254]
672,0.0031900393614208373,-1.4530169598527953,1.0,1.0,-0.43804602023311323,[  0 276],[ 47 291],[ 91 269],[140 261],[189 262],[238 255]
673,0.002900035783109852,-1.4752604016664397,1.0,1.0,-0.5772249432556313,[  0 276],[ 49 285],[ 97 274],[145 260],[194 267],[240 248]
674,0.002636396166463502,-1.49721265015592,1.0,1.0,-0.5909483414238712,[  0 276],[ 49 285],[ 97 274],[145 260],[194 255],[243 247]
675,0.0023967237876940926,-1.5190093169670376,1.0,1.0,-0.5934925205042919,[  0 276],[ 49 285],[ 97 274],[145 260],[193 249],[242 247]
676,0.0021788398069946297,-1.5408661958948802,1.0,1.0,-0.5934925205042919,[  0 276],[ 49 285],[ 97 274],[145 260],[193 249],[242 247]
677,0.001980763460904209,-1.5628022105559116,1.0,1.0,-0.5934925205042919,[  0 276],[ 49 285],[ 97 274],[145 260],[193 249],[242 247]
678,0.0018006940553674626,-1.584848772469264,1.0,1.0,-0.7145362688748493,[  0 276],[ 49 285],[ 97 274],[145 260],[193 249],[242 241]
679,0.0016369945957886024,-1.60691172540494,1.0,1.0,-0.7143644152303796,[  0 276],[ 49 285],[ 96 268],[145 260],[193 249],[242 241]
680,0.0014881769052623658,-1.6289872358112134,1.0,1.0,-0.8363210932002847,[  0 276],[ 49 285],[ 96 268],[145 260],[193 249],[241 235]
681,0.0013528880956930598,-1.6510353490254306,1.0,1.0,-0.7667995564323958,[  0 276],[ 49 285],[ 93 262],[142 259],[191 253],[239 239]
682,0.0012298982688118726,-1.6720796171839305,1.0,1.0,-0.7617585960842025,[  0 276],[ 49 285],[ 97 274],[143 255],[192 251],[240 239]
683,0.0011180893352835206,-1.6910990884417636,1.0,1.0,-0.6841761056807749,[  0 276],[ 47 291],[ 91 269],[140 267],[189 268],[232 244]
684,0.001016444850257746,-1.70732794323564,1.0,1.0,-0.5663571811487476,[  0 276],[ 47 291],[ 91 269],[140 261],[189 268],[235 249]
685,0.0009240407729615872,-1.7210638488419,1.0,1.0,-0.7659478446179842,[  0 276],[ 49 285],[ 93 262],[142 259],[191 265],[234 240]
686,0.0008400370663287156,-1.734577415619327,1.0,1.0,-0.8105905265599218,[  0 276],[ 47 291],[ 94 274],[142 260],[191 261],[234 237]
687,0.0007636700602988324,-1.7483935595432627,1.0,1.0,-0.7090391792765549,[  0 276],[ 47 291],[ 94 274],[142 260],[190 249],[239 241]
688,0.0006942455093625749,-1.7618918608234309,1.0,1.0,-0.8256251847378706,[  0 276],[ 47 291],[ 91 269],[139 255],[187 244],[236 236]
689,0.0006311322812387045,-1.7784366014838264,1.0,1.0,-0.9309353653618092,[  0 276],[ 47 291],[ 94 274],[137 249],[186 244],[234 231]
690,0.0005737566193079131,-1.7991059340896087,1.0,1.0,-1.0475213708231248,[  0 276],[ 47 291],[ 91 269],[134 244],[183 239],[231 226]
691,0.0005215969266435574,-1.826063927300432,1.0,1.0,-1.0684583469632933,[  0 276],[ 47 291],[ 91 269],[134 244],[182 233],[231 225]
692,0.0004741790242214158,-1.8590007689288157,1.0,1.0,-1.2809355485839637,[  0 276],[ 47 291],[ 91 269],[140 261],[178 229],[226 216]
693,0.0004310718402012871,-1.9004373003412216,1.0,1.0,-1.2639735856475203,[  0 276],[ 47 291],[ 89 263],[137 249],[184 233],[230 215]
694,0.0003918834910920792,-1.9474716285669345,1.0,1.0,-1.3903325855275892,[  0 276],[ 47 291],[ 89 263],[137 249],[184 233],[228 209]
695,0.00035625771917461744,-2.001130803009906,1.0,1.0,-1.5275487412075925,[  0 276],[ 49 285],[ 93 262],[141 248],[188 232],[229 203]
696,0.0003238706537951068,-2.0626490009676526,1.0,1.0,-1.448903731073255,[  0 276],[ 49 285],[ 93 262],[139 242],[186 225],[232 206]
697,0.00029442786708646073,-2.130239333800635,1.0,1.0,-1.5334299207258173,[  0 276],[ 49 285],[ 90 257],[139 249],[184 227],[228 203]
698,0.0002676616973513279,-2.2045024191063676,1.0,1.0,-1.4909663410826592,[  0 276],[ 49 279],[ 93 256],[142 253],[183 225],[229 205]
699,0.00024332881577393447,-2.2826019976416854,1.0,1.0,-1.4909663410826592,[  0 276],[ 49 279],[ 93 256],[142 253],[183 225],[229 205]
700,0.00022120801433994042,-2.3641916407535963,1.0,1.0,-1.4909663410826592,[  0 276],[ 49 279],[ 93 256],[142 253],[183 225],[229 205]
701,0.0002010981948544913,-2.4472910242355477,1.0,1.0,-1.518865975273229,[  0 276],[ 49 279],[ 97 268],[143 249],[185 222],[231 203]
702,0.00018281654077681027,-2.53309136947606,1.0,1.0,-1.474119393370581,[  0 276],[ 49 279],[ 97 268],[143 249],[188 228],[232 205]
703,0.0001661968552516457,-2.6208056942031583,1.0,1.0,-1.474119393370581,[  0 276],[ 49 279],[ 97 268],[143 249],[188 228],[232 205]
704,0.0001510880502287688,-2.7113179433326544,1.0,1.0,-1.5395155349297498,[  0 276],[ 49 279],[ 97 268],[145 254],[183 222],[229 203]
705,0.00013735277293524435,-2.8068721473655733,1.0,1.0,-1.532744969369568,[  0 276],[ 49 279],[ 96 262],[144 248],[186 221],[232 202]
706,0.0001248661572138585,-2.9041959300057485,1.0,1.0,-1.532744969369568,[  0 276],[ 49 279],[ 96 262],[144 248],[186 221],[232 202]
707,0.000113514688376235,-3.0025196566260393,1.0,1.0,-1.61146700843337,[  0 276],[ 49 279],[ 93 256],[142 247],[183 219],[229 199]
708,0.00010319517125112273,-3.1042106966784417,1.0,1.0,-1.6406507995986643,[  0 276],[ 49 279],[ 96 262],[142 243],[184 216],[230 197]
709,9.38137920464752e-05,-3.2077710823832732,1.0,1.0,-1.6638266311061658,[  0 276],[ 49 274],[ 97 264],[141 240],[186 219],[230 196]
710,8.528526549679564e-05,-3.3119108593750886,1.0,1.0,-1.672831011739375,[  0 276],[ 49 274],[ 97 264],[141 240],[183 214],[229 196]
711,7.75320595425415e-05,-3.4151103335619606,1.0,1.0,-1.672831011739375,[  0 276],[ 49 274],[ 97 264],[141 240],[183 214],[229 196]
712,7.048369049321955e-05,-3.5171694827969726,1.0,1.0,-1.5307124191122183,[  0 276],[ 49 274],[ 96 258],[142 240],[185 214],[233 202]
713,6.407608226656323e-05,-3.6133565757905504,1.0,1.0,-1.4604199728303078,[  0 276],[ 49 268],[ 97 257],[143 238],[188 217],[236 205]
714,5.825098387869385e-05,-3.7034782019735686,1.0,1.0,-1.4272591848721845,[  0 276],[ 49 279],[ 93 256],[139 236],[184 214],[233 207]
715,5.295543988972168e-05,-3.7859104975855566,1.0,1.0,-1.543003064145739,[  0 276],[ 49 274],[ 96 258],[137 229],[182 208],[231 202]
716,4.814130899065607e-05,-3.861059688909248,1.0,1.0,-1.5388409635138318,[  0 276],[ 49 274],[ 96 258],[137 229],[179 203],[228 203]
717,4.376482635514188e-05,-3.9306035523731566,1.0,1.0,-1.7438498536835534,[  0 276],[ 49 268],[ 97 257],[137 227],[179 200],[228 193]
718,3.978620577740171e-05,-3.9966946091534066,1.0,1.0,-1.7889327106627186,[  0 276],[ 49 279],[ 93 256],[136 231],[174 199],[223 192]
719,3.61692779794561e-05,-4.060840565811544,1.0,1.0,-1.9004802941536156,[  0 276],[ 49 279],[ 90 251],[133 226],[175 199],[223 186]
720,3.288116179950555e-05,-4.124739353042636,1.0,1.0,-2.0387355954959787,[  0 276],[ 49 279],[ 93 256],[136 231],[174 199],[220 180]
721,2.989196527227777e-05,-4.190298740358356,1.0,1.0,-2.039453557422766,[  0 276],[ 49 274],[ 94 252],[138 228],[177 197],[223 179]
722,2.7174513883888883e-05,-4.256997104947414,1.0,1.0,-2.039453557422766,[  0 276],[ 49 274],[ 94 252],[138 228],[177 197],[223 179]
723,2.4704103530808075e-05,-4.3253410840836315,1.0,1.0,-2.0298893790593264,[  0 276],[ 49 274],[ 91 247],[139 234],[178 203],[222 180]
724,2.2458275937098248e-05,-4.395050655830494,1.0,1.0,-2.0298893790593264,[  0 276],[ 49 274],[ 91 247],[139 234],[178 203],[222 180]
725,2.0416614488271135e-05,-4.4651099098385005,1.0,1.0,-1.9668685214099673,[  0 276],[ 49 274],[ 91 247],[137 228],[179 201],[225 182]
726,1.856055862570103e-05,-4.534720007373602,1.0,1.0,-1.9324360315781997,[  0 276],[ 49 274],[ 94 252],[134 223],[179 202],[225 184]
727,1.6873235114273664e-05,-4.603452246890177,1.0,1.0,-1.9554436948295881,[  0 276],[ 49 274],[ 91 247],[137 228],[176 196],[224 183]
728,1.5339304649339694e-05,-4.670626692174284,1.0,1.0,-2.075265217360114,[  0 276],[ 49 274],[ 91 247],[131 218],[173 191],[221 178]
729,1.394482240849063e-05,-4.737620929947491,1.0,1.0,-2.049054236590857,[  0 276],[ 49 274],[ 91 247],[131 218],[176 197],[222 179]
730,1.2677111280446027e-05,-4.803777886179744,1.0,1.0,-2.075265217360114,[  0 276],[ 49 274],[ 91 247],[131 218],[173 191],[221 178]
731,1.1524646618587296e-05,-4.869408312831165,1.0,1.0,-2.2024767742483053,[  0 276],[ 49 274],[ 91 247],[131 218],[173 191],[219 172]
732,1.0476951471442996e-05,-4.936294779275761,1.0,1.0,-2.2024767742483053,[  0 276],[ 49 274],[ 91 247],[131 218],[173 191],[219 172]
733,9.52450133767545e-06,-5.006261080886341,1.0,1.0,-2.20307069353829,[  0 276],[ 49 274],[ 87 242],[133 223],[175 196],[219 172]
734,8.658637579704955e-06,-5.079993864905612,1.0,1.0,-2.1481295131775666,[  0 276],[ 49 274],[ 94 252],[138 228],[177 197],[221 174]
735,7.871488708822686e-06,-5.156853718490932,1.0,1.0,-2.0397473100351644,[  0 276],[ 49 279],[ 90 251],[136 231],[174 199],[220 180]
736,7.155898826202442e-06,-5.233500097830626,1.0,1.0,-2.0188387023922534,[  0 276],[ 49 279],[ 90 251],[136 231],[178 204],[222 180]
737,6.505362569274947e-06,-5.3097240482150525,1.0,1.0,-1.9212134233045262,[  0 276],[ 49 274],[ 91 247],[139 234],[178 203],[224 185]
738,5.913965972068134e-06,-5.381437142695726,1.0,1.0,-1.8502503163973099,[  0 276],[ 49 274],[ 94 252],[140 233],[182 206],[228 187]
739,5.376332701880122e-06,-5.447467014119993,1.0,1.0,-1.8044745609825672,[  0 276],[ 49 274],[ 94 252],[138 228],[183 207],[229 189]
740,4.887575183527384e-06,-5.506185000871539,1.0,1.0,-1.765240412066333,[  0 276],[ 49 279],[ 96 262],[136 232],[178 205],[226 192]
741,4.443250166843076e-06,-5.555835509053448,1.0,1.0,-1.7829686487221703,[  0 276],[ 49 279],[ 93 256],[136 231],[178 204],[226 191]
742,4.039318333493705e-06,-5.597474813191085,1.0,1.0,-1.9115240386077872,[  0 276],[ 49 279],[ 93 256],[136 231],[174 199],[222 186]
743,3.6721075759033683e-06,-5.633584232605097,1.0,1.0,-1.9115240386077872,[  0 276],[ 49 279],[ 93 256],[136 231],[174 199],[222 186]
744,3.3382796144576077e-06,-5.664796904702587,1.0,1.0,-2.020504641068693,[  0 276],[ 49 274],[ 96 258],[137 229],[179 203],[223 180]
745,3.0347996495069162e-06,-5.693044087454977,1.0,1.0,-2.0291273453660814,[  0 276],[ 49 274],[ 96 258],[137 229],[176 198],[222 180]
746,2.758908772279015e-06,-5.719572328465643,1.0,1.0,-2.0291273453660814,[  0 276],[ 49 274],[ 96 258],[137 229],[176 198],[222 180]
747,2.5080988838900136e-06,-5.7450074291179005,1.0,1.0,-2.020504641068693,[  0 276],[ 49 274],[ 96 258],[137 229],[179 203],[223 180]
748,2.280089894445467e-06,-5.769017442614123,1.0,1.0,-2.020504641068693,[  0 276],[ 49 274],[ 96 258],[137 229],[179 203],[223 180]
749,2.0728089949504244e-06,-5.790097992479442,1.0,1.0,-2.0215301333719022,[  0 276],[ 49 274],[ 96 258],[140 234],[179 203],[223 180]
750,1.884371813591295e-06,-5.808886800040383,1.0,1.0,-1.9042314733197137,[  0 276],[ 49 274],[ 96 258],[140 234],[182 208],[226 185]
751,1.7130652850829954e-06,-5.823635255858869,1.0,1.0,-1.9042314733197137,[  0 276],[ 49 274],[ 96 258],[140 234],[182 208],[226 185]
752,1.5573320773481777e-06,-5.832975961590285,1.0,1.0,-1.7891041794883547,[  0 276],[ 49 274],[ 97 264],[138 235],[180 209],[226 191]
753,1.4157564339528887e-06,-5.835830613235754,1.0,1.0,-1.7864951777370328,[  0 276],[ 49 274],[ 96 258],[142 240],[181 209],[227 191]
754,1.287051303593535e-06,-5.832745175879801,1.0,1.0,-1.7955555175649132,[  0 276],[ 49 274],[ 96 258],[140 234],[182 208],[228 190]
755,1.1700466396304863e-06,-5.825132405616034,1.0,1.0,-1.8044269729050029,[  0 276],[ 49 274],[ 94 252],[134 223],[179 202],[227 190]
756,1.0636787633004422e-06,-5.815002791688108,1.0,1.0,-1.9048633750112534,[  0 276],[ 49 268],[ 96 252],[137 223],[179 197],[227 185]
757,9.66980693909493e-07,-5.804239842743888,1.0,1.0,-2.0379688783016965,[  0 276],[ 49 274],[ 94 252],[131 218],[173 192],[221 180]
758,8.79073358099539e-07,-5.796047463544559,1.0,1.0,-2.0379688783016965,[  0 276],[ 49 274],[ 94 252],[131 218],[173 192],[221 180]
759,7.991575982723081e-07,-5.791159644662047,1.0,1.0,-2.165977936974893,[  0 276],[ 49 274],[ 94 252],[131 218],[173 192],[219 174]
760,7.2650690752028e-07,-5.791645764441476,1.0,1.0,-2.165977936974893,[  0 276],[ 49 274],[ 94 252],[131 218],[173 192],[219 174]
761,6.604608250184364e-07,-5.797552294126074,1.0,1.0,-2.1552675383538857,[  0 276],[ 49 274],[ 94 252],[131 218],[170 187],[218 175]
762,6.004189318349421e-07,-5.80799866960705,1.0,1.0,-2.193505351478354,[  0 276],[ 49 274],[ 94 252],[134 223],[176 196],[220 172]
763,5.458353925772201e-07,-5.821340574310718,1.0,1.0,-2.262598275160005,[  0 276],[ 49 279],[ 87 246],[130 221],[175 199],[215 170]
764,4.962139932520183e-07,-5.838256954539765,1.0,1.0,-2.193505351478354,[  0 276],[ 49 274],[ 94 252],[134 223],[176 196],[220 172]
765,4.5110363022910753e-07,-5.855994582617212,1.0,1.0,-2.2717098126121,[  0 276],[ 49 279],[ 83 242],[132 234],[170 202],[210 172]
766,4.1009420929918867e-07,-5.875427641786428,1.0,1.0,-2.1860413580266975,[  0 276],[ 49 274],[ 94 252],[140 233],[175 197],[219 173]
767,3.7281291754471694e-07,-5.895233795749268,1.0,1.0,-2.193505351478354,[  0 276],[ 49 274],[ 94 252],[134 223],[176 196],[220 172]
768,3.3892083413156087e-07,-5.9155984908574375,1.0,1.0,-2.193505351478354,[  0 276],[ 49 274],[ 94 252],[134 223],[176 196],[220 172]
769,3.081098492105099e-07,-5.936470950643177,1.0,1.0,-2.1860413580266975,[  0 276],[ 49 274],[ 94 252],[140 233],[175 197],[219 173]
770,2.8009986291864535e-07,-5.957689248966416,1.0,1.0,-2.1860413580266975,[  0 276],[ 49 274],[ 94 252],[140 233],[175 197],[219 173]
771,2.546362390169503e-07,-5.980821473142636,1.0,1.0,-2.1481295131775666,[  0 276],[ 49 274],[ 94 252],[138 228],[177 197],[221 174]
772,2.3148749001540937e-07,-6.005176650209989,1.0,1.0,-2.1481295131775666,[  0 276],[ 49 274],[ 94 252],[138 228],[177 197],[221 174]
773,2.1044317274128124e-07,-6.032213520276072,1.0,1.0,-2.1673291403893344,[  0 276],[ 49 274],[ 94 252],[138 228],[173 192],[219 174]
774,1.913119752193466e-07,-6.061985683463224,1.0,1.0,-2.085858569235648,[  0 276],[ 49 274],[ 94 252],[134 223],[176 196],[222 177]
775,1.7391997747213326e-07,-6.093009964337964,1.0,1.0,-2.160422305539787,[  0 276],[ 49 268],[ 96 252],[133 218],[175 192],[221 174]
776,1.5810907042921205e-07,-6.126068337850929,1.0,1.0,-2.1481295131775666,[  0 276],[ 49 274],[ 94 252],[138 228],[177 197],[221 174]
777,1.4373551857201094e-07,-6.159438670201347,1.0,1.0,-2.1481295131775666,[  0 276],[ 49 274],[ 94 252],[138 228],[177 197],[221 174]
778,1.3066865324728267e-07,-6.191277526450033,1.0,1.0,-2.1481295131775666,[  0 276],[ 49 274],[ 94 252],[138 228],[177 197],[221 174]
779,1.1878968477025697e-07,-6.2217241316971466,1.0,1.0,-2.1481295131775666,[  0 276],[ 49 274],[ 94 252],[138 228],[177 197],[221 174]
780,1.0799062251841542e-07,-6.249159476142741,1.0,1.0,-2.1481295131775666,[  0 276],[ 49 274],[ 94 252],[138 228],[177 197],[221 174]
781,9.817329319855947e-08,-6.273857310768772,1.0,1.0,-2.137803301120882,[  0 276],[ 49 274],[ 96 258],[137 229],[176 198],[220 175]
782,8.924844836232679e-08,-6.296071739011987,1.0,1.0,-2.1481295131775666,[  0 276],[ 49 274],[ 94 252],[138 228],[177 197],[221 174]
783,8.113495305666071e-08,-6.315647912347171,1.0,1.0,-2.1380162865001386,[  0 276],[ 49 274],[ 96 258],[137 229],[179 203],[220 175]
784,7.375904823332793e-08,-6.331745588261068,1.0,1.0,-2.1380162865001386,[  0 276],[ 49 274],[ 96 258],[137 229],[179 203],[220 175]
785,6.70536802121163e-08,-6.345623170023998,1.0,1.0,-2.1380162865001386,[  0 276],[ 49 274],[ 96 258],[137 229],[179 203],[220 175]
786,6.095789110192391e-08,-6.356416059906954,1.0,1.0,-2.020504641068693,[  0 276],[ 49 274],[ 96 258],[137 229],[179 203],[223 180]
787,5.5416264638112644e-08,-6.36397045911476,1.0,1.0,-2.0215301333719022,[  0 276],[ 49 274],[ 96 258],[140 234],[179 203],[223 180]
788,5.037842239828422e-08,-6.3684929781476765,1.0,1.0,-2.0215301333719022,[  0 276],[ 49 274],[ 96 258],[140 234],[179 203],[223 180]
789,4.579856581662202e-08,-6.370259242476149,1.0,1.0,-2.021743118751159,[  0 276],[ 49 274],[ 96 258],[140 234],[182 208],[223 180]
790,4.163505983329274e-08,-6.36962450678464,1.0,1.0,-2.021743118751159,[  0 276],[ 49 274],[ 96 258],[140 234],[182 208],[223 180]
791,3.785005439390249e-08,-6.366807043802238,1.0,1.0,-2.0089631406355415,[  0 276],[ 49 274],[ 96 258],[142 240],[177 205],[221 182]
792,3.440914035809317e-08,-6.362347990556299,1.0,1.0,-1.8832249138376969,[  0 276],[ 49 279],[ 96 262],[139 237],[181 210],[225 186]
793,3.128103668917561e-08,-6.35468197034172,1.0,1.0,-1.8988056275463647,[  0 276],[ 49 274],[ 97 264],[141 240],[180 209],[224 186]
794,2.8437306081068736e-08,-6.344051176789699,1.0,1.0,-1.7901296717915642,[  0 276],[ 49 274],[ 97 264],[141 240],[180 209],[226 191]
795,2.5852096437335214e-08,-6.330354152231805,1.0,1.0,-1.7864951777370328,[  0 276],[ 49 274],[ 96 258],[142 240],[181 209],[227 191]
796,2.350190585212292e-08,-6.312803305436409,1.0,1.0,-1.658486119063836,[  0 276],[ 49 274],[ 96 258],[142 240],[181 209],[229 197]
797,2.1365368956475382e-08,-6.29017103479359,1.0,1.0,-1.6675464588917164,[  0 276],[ 49 274],[ 96 258],[140 234],[182 208],[230 196]
798,1.9423062687704893e-08,-6.263042838014402,1.0,1.0,-1.6675464588917164,[  0 276],[ 49 274],[ 96 258],[140 234],[182 208],[230 196]
799,1.7657329716095358e-08,-6.2318274356566965,1.0,1.0,-1.6764655023093704,[  0 276],[ 49 274],[ 94 252],[138 228],[183 207],[231 195]
800,1.6052117923723054e-08,-6.197018015183307,1.0,1.0,-1.783819626640696,[  0 276],[ 49 274],[ 96 258],[137 229],[179 203],[227 191]
801,1.4592834476111867e-08,-6.160405225391086,1.0,1.0,-1.9586470123474566,[  0 276],[ 49 274],[ 94 252],[134 223],[176 196],[224 183]
802,1.3266213160101697e-08,-6.1246778307330665,1.0,1.0,-2.039453557422766,[  0 276],[ 49 274],[ 94 252],[138 228],[177 197],[223 179]
803,1.2060193781910634e-08,-6.090716436192756,1.0,1.0,-2.0393200817161374,[  0 276],[ 49 274],[ 94 252],[138 228],[173 192],[221 180]
804,1.0963812529009667e-08,-6.058496583818147,1.0,1.0,-2.063943034080417,[  0 276],[ 49 274],[ 91 247],[137 228],[176 196],[222 178]
805,9.967102299099697e-09,-6.028195719126415,1.0,1.0,-2.1474490581380348,[  0 276],[ 49 274],[ 91 247],[135 223],[177 197],[221 174]
806,9.061002090090634e-09,-6.00077810720172,1.0,1.0,-2.063943034080417,[  0 276],[ 49 274],[ 91 247],[137 228],[176 196],[222 178]
807,8.237274627355122e-09,-5.976445347174885,1.0,1.0,-2.158444768944943,[  0 276],[ 49 274],[ 87 242],[135 229],[174 198],[218 175]
808,7.488431479413747e-09,-5.956191673999213,1.0,1.0,-2.095423911295584,[  0 276],[ 49 274],[ 87 242],[133 223],[175 196],[221 177]
809,6.807664981285224e-09,-5.938786886265743,1.0,1.0,-2.095423911295584,[  0 276],[ 49 274],[ 87 242],[133 223],[175 196],[221 177]
810,6.1887863466229315e-09,-5.92396909004274,1.0,1.0,-1.9682123544073926,[  0 276],[ 49 274],[ 87 242],[133 223],[175 196],[223 183]
811,5.626169406020847e-09,-5.909768401235322,1.0,1.0,-1.920212174942435,[  0 276],[ 49 268],[ 87 236],[136 229],[175 198],[223 186]
812,5.114699460018952e-09,-5.895648443696399,1.0,1.0,-1.7909912295856385,[  0 276],[ 49 268],[ 91 241],[135 217],[180 196],[229 190]
813,4.649726781835411e-09,-5.881554386603033,1.0,1.0,-1.7868291289537312,[  0 276],[ 49 268],[ 91 241],[135 217],[177 191],[226 191]
814,4.2270243471231005e-09,-5.867214655173709,1.0,1.0,-1.7971102631613538,[  0 276],[ 49 268],[ 91 241],[131 212],[176 191],[225 191]
815,3.842749406475546e-09,-5.854273725574821,1.0,1.0,-2.035876400565307,[  0 276],[ 49 268],[ 94 246],[131 212],[173 186],[222 180]
816,3.493408551341405e-09,-5.845909897159854,1.0,1.0,-2.096974220271116,[  0 276],[ 49 268],[ 87 236],[127 206],[169 179],[218 178]
817,3.175825955764914e-09,-5.8442857999808915,1.0,1.0,-2.15393169662147,[  0 276],[ 49 268],[ 91 241],[131 212],[170 181],[219 175]
818,2.887114505240831e-09,-5.849441873969059,1.0,1.0,-2.3485689136488697,[  0 276],[ 49 274],[ 87 242],[127 212],[165 180],[213 167]
819,2.6246495502189372e-09,-5.863415883795899,1.0,1.0,-2.475780470537061,[  0 276],[ 49 274],[ 87 242],[127 212],[165 180],[211 161]
820,2.386045045653579e-09,-5.887019278659769,1.0,1.0,-2.5073720595928055,[  0 276],[ 49 274],[ 83 238],[127 214],[166 183],[210 160]
821,2.169131859685072e-09,-5.918343534439906,1.0,1.0,-2.5452839044419364,[  0 276],[ 49 274],[ 83 238],[129 219],[164 183],[208 159]
822,1.971938054259156e-09,-5.954819724586773,1.0,1.0,-2.5389656587749547,[  0 276],[ 49 274],[ 94 252],[131 218],[161 178],[207 160]
823,1.7926709584174148e-09,-5.994791426102364,1.0,1.0,-2.531955548438613,[  0 276],[ 49 268],[ 96 252],[133 218],[168 182],[212 158]
824,1.6297008712885588e-09,-6.037847092935481,1.0,1.0,-2.391952552781883,[  0 276],[ 49 274],[ 94 252],[131 218],[170 187],[214 164]
825,1.4815462466259625e-09,-6.081461465311516,1.0,1.0,-2.391952552781883,[  0 276],[ 49 274],[ 94 252],[131 218],[170 187],[214 164]
826,1.3468602242054203e-09,-6.124445033307601,1.0,1.0,-2.4189249045618677,[  0 276],[ 49 274],[ 83 238],[129 219],[164 183],[210 165]
827,1.2244183856412911e-09,-6.168361666083333,1.0,1.0,-2.4189249045618677,[  0 276],[ 49 274],[ 83 238],[129 219],[164 183],[210 165]
828,1.1131076233102646e-09,-6.211837879546958,1.0,1.0,-2.397087666419613,[  0 276],[ 49 274],[ 96 258],[129 220],[164 184],[210 166]
829,1.0119160211911496e-09,-6.255475306629217,1.0,1.0,-2.397087666419613,[  0 276],[ 49 274],[ 96 258],[129 220],[164 184],[210 166]
830,9.199236556283178e-10,-6.299259291546599,1.0,1.0,-2.269212083453045,[  0 276],[ 49 274],[ 96 258],[129 220],[168 189],[214 171]
831,8.362942323893798e-10,-6.343167455958477,1.0,1.0,-2.235541525167834,[  0 276],[ 49 268],[ 97 257],[133 223],[171 191],[217 172]
832,7.602674839903453e-10,-6.387383914745077,1.0,1.0,-2.156677217221419,[  0 276],[ 49 274],[ 96 258],[133 224],[172 193],[218 175]
833,6.911522581730411e-10,-6.432567322564291,1.0,1.0,-2.1556636863276815,[  0 276],[ 49 279],[ 87 246],[133 226],[171 194],[217 175]
834,6.283202347027646e-10,-6.478672710000494,1.0,1.0,-2.177644396156711,[  0 276],[ 49 274],[ 87 242],[135 229],[170 193],[216 175]
835,5.712002133661496e-10,-6.525775800392434,1.0,1.0,-2.0397473100351644,[  0 276],[ 49 279],[ 90 251],[136 231],[174 199],[220 180]
836,5.192729212419542e-10,-6.568649576786969,1.0,1.0,-2.0397473100351644,[  0 276],[ 49 279],[ 90 251],[136 231],[174 199],[220 180]
837,4.720662920381402e-10,-6.606845370187874,1.0,1.0,-1.9125357531469729,[  0 276],[ 49 279],[ 90 251],[136 231],[174 199],[222 186]
838,4.2915117458012744e-10,-6.638277055868589,1.0,1.0,-1.9125357531469729,[  0 276],[ 49 279],[ 90 251],[136 231],[174 199],[222 186]
839,3.9013743143647946e-10,-6.660905408844214,1.0,1.0,-1.9111919201495475,[  0 276],[ 49 279],[ 90 251],[136 231],[178 204],[224 185]
840,3.5467039221498134e-10,-6.673777704044043,1.0,1.0,-1.7848586888163844,[  0 276],[ 49 279],[ 90 251],[138 237],[180 210],[226 191]
841,3.2242762928634665e-10,-6.6756273355333,1.0,1.0,-1.7848586888163844,[  0 276],[ 49 279],[ 90 251],[138 237],[180 210],[226 191]
842,2.9311602662395147e-10,-6.666939383946822,1.0,1.0,-1.6643580214656737,[  0 276],[ 49 285],[ 90 257],[138 243],[180 216],[226 197]
843,2.6646911511268314e-10,-6.647114778359442,1.0,1.0,-1.5403476429508922,[  0 276],[ 49 285],[ 90 257],[139 255],[184 233],[224 204]
844,2.422446501024392e-10,-6.6155704836597184,1.0,1.0,-1.3981062599361282,[  0 276],[ 49 285],[ 97 274],[145 260],[187 233],[231 209]
845,2.2022240918403564e-10,-6.573341402666619,1.0,1.0,-1.236775453554949,[  0 276],[ 49 285],[ 98 280],[146 267],[191 246],[232 217]
846,2.0020219016730514e-10,-6.51919891404707,1.0,1.0,-1.0276067611940771,[  0 276],[ 47 291],[ 95 280],[143 266],[190 250],[234 226]
847,1.8200199106118648e-10,-6.451005949710647,1.0,1.0,-0.847840911867171,[  0 276],[ 47 291],[ 96 286],[144 273],[191 258],[235 235]
848,1.6545635551016952e-10,-6.367588473140789,1.0,1.0,0.16127871510782,[  0 276],[ 47 291],[ 96 286],[139 261],[188 256],[229 283]
849,0.01466170152385305,-6.256867589238271,1.0,1.0,-0.6886338485900169,[  0 276],[ 47 291],[ 94 274],[143 266],[192 267],[235 243]
850,0.02799052094057732,-6.132915142720124,1.0,1.0,-0.5714347532495275,[  0 276],[ 47 291],[ 95 280],[143 266],[192 267],[238 248]
851,0.04010762950123574,-5.99707959138267,1.0,1.0,-0.4298932305413036,[  0 276],[ 45 297],[ 92 281],[138 263],[187 272],[234 255]
852,0.05112318273819794,-5.848970249785531,1.0,1.0,-0.4298932305413036,[  0 276],[ 45 297],[ 92 281],[138 263],[187 272],[234 255]
853,0.06113732204452722,-5.690778339424313,1.0,1.0,-0.4298932305413036,[  0 276],[ 45 297],[ 92 281],[138 263],[187 272],[234 255]
854,0.07024108505028111,-5.52343427833521,1.0,1.0,-0.44994302933190167,[  0 276],[ 47 291],[ 95 280],[143 266],[192 273],[238 254]
855,0.07851723323733009,-5.347743749615686,1.0,1.0,-0.5219673377184667,[  0 276],[ 47 291],[ 96 286],[142 267],[191 275],[235 251]
856,0.08604100431646554,-5.167328087520892,1.0,1.0,-0.4362714692564369,[  0 276],[ 45 297],[ 94 292],[137 267],[185 280],[228 256]
857,0.09288079620658866,-4.981448269605915,1.0,1.0,-0.3842324368544993,[  0 276],[ 45 297],[ 94 298],[137 274],[186 276],[232 258]
858,0.09909878883397333,-4.7916261171883106,1.0,1.0,-0.2668614878695402,[  0 276],[ 45 297],[ 94 298],[140 279],[189 281],[235 263]
859,0.10475150940432303,-4.596619511373069,1.0,1.0,-0.12171008009224143,[  0 276],[ 45 297],[ 94 292],[142 279],[189 293],[233 270]
860,0.10989034628645912,-4.394938753722068,1.0,1.0,-0.07670200802121868,[  0 276],[ 45 297],[ 94 292],[143 284],[192 291],[238 272]
861,0.11456201617931011,-4.188299564755769,1.0,1.0,0.2931480256766893,[  0 276],[ 45 297],[ 93 286],[142 284],[190 297],[239 290]
862,0.1454588093252373,-3.9721093014069555,1.0,1.0,0.29776825461981216,[  0 276],[ 45 297],[ 93 286],[142 284],[188 303],[236 290]
863,0.20061664442333585,-3.748816430961414,1.0,1.0,0.3240481424305885,[  0 276],[ 49 285],[ 98 280],[147 284],[196 286],[245 292]
864,0.28021905291529714,-3.520399333482992,1.0,1.0,0.3240481424305885,[  0 276],[ 49 285],[ 98 280],[147 284],[196 286],[245 292]
865,0.3820438008562245,-3.28926350301579,1.0,1.0,0.1705264374309047,[  0 276],[ 45 297],[ 87 270],[135 281],[184 290],[233 285]
866,0.4901141569326044,-3.0599495404412536,1.0,1.0,0.08621577542196668,[  0 276],[ 47 291],[ 94 274],[142 284],[191 286],[240 280]
867,0.5961977329494922,-2.8362938126014563,1.0,1.0,0.12889561697956328,[  0 276],[ 45 297],[ 92 281],[141 280],[190 282],[239 282]
868,0.7043551308720777,-2.6196512891719124,1.0,1.0,0.12889561697956328,[  0 276],[ 45 297],[ 92 281],[141 280],[190 282],[239 282]
869,0.7997361200627685,-2.4231451283013485,1.0,1.0,0.007053179959646078,[  0 276],[ 45 297],[ 92 281],[141 280],[190 282],[239 276]
870,0.8870873084142734,-2.235016522575159,1.0,1.0,-0.07356215737078428,[  0 276],[ 45 297],[ 87 270],[136 275],[185 278],[234 273]
871,0.9664974796429142,-2.0572013456075493,1.0,1.0,-0.11432196783875816,[  0 276],[ 45 297],[ 87 270],[136 269],[185 271],[234 271]
872,1.0386885443962242,-1.8912479402365057,1.0,1.0,-0.23616440485867535,[  0 276],[ 45 297],[ 87 270],[136 269],[185 271],[234 265]
873,1.1043167850810514,-1.7377394513671574,1.0,1.0,-0.11432196783875816,[  0 276],[ 45 297],[ 87 270],[136 269],[185 271],[234 271]
874,1.1639788220672578,-1.5938830351763515,1.0,1.0,-0.19967519044636245,[  0 276],[ 47 291],[ 95 280],[144 272],[193 273],[242 266]
875,1.2182170375092636,-1.4596917317453617,1.0,1.0,-0.14341261897919616,[  0 276],[ 47 291],[ 96 292],[142 273],[191 275],[240 269]
876,1.2675245060929052,-1.332537527916199,1.0,1.0,-0.07892454248361432,[  0 276],[ 47 291],[ 94 274],[143 272],[192 273],[241 272]
877,1.3123494775325795,-1.2120698845246036,1.0,1.0,-0.04791724737604211,[  0 276],[ 49 285],[ 98 292],[144 273],[193 269],[242 274]
878,1.3270062225909987,-1.0979677288575378,1.0,1.0,-0.13781038553901154,[  0 276],[ 45 297],[ 94 292],[140 273],[189 275],[238 269]
879,1.3285986178867863,-0.9924787086738799,1.0,1.0,-0.1151874348831312,[  0 276],[ 45 297],[ 92 281],[140 268],[189 270],[238 270]
880,1.3294532822275833,-0.8964906542540667,1.0,1.0,-0.11432196783875816,[  0 276],[ 45 297],[ 87 270],[136 269],[185 271],[234 271]
881,1.333650246157175,-0.8097417860517484,1.0,1.0,-0.1151874348831312,[  0 276],[ 45 297],[ 92 281],[140 268],[189 270],[238 270]
882,1.345813966165853,-0.7364473894209111,1.0,1.0,-0.19168896338328634,[  0 276],[ 45 297],[ 94 292],[137 267],[186 268],[235 267]
883,1.3298020521173957,-0.6764905363656468,1.0,1.0,-0.2613983129899898,[  0 276],[ 45 297],[ 93 286],[139 267],[188 269],[237 263]
884,1.2857868445796536,-0.6299676670711417,1.0,1.0,-0.25697302569903263,[  0 276],[ 45 297],[ 87 270],[136 269],[185 265],[234 264]
885,1.2163140975061981,-0.5955971654597227,1.0,1.0,-0.35765612877630126,[  0 276],[ 45 297],[ 87 270],[136 263],[185 265],[234 259]
886,1.1376546513093382,-0.5715537444430765,1.0,1.0,-0.3600914244629222,[  0 276],[ 45 297],[ 87 270],[136 263],[183 277],[229 259]
887,1.058308266092014,-0.5557820962445557,1.0,1.0,-0.2679119219485978,[  0 276],[ 45 297],[ 94 292],[140 273],[189 281],[235 263]
888,0.9744574052599408,-0.5468552461403753,1.0,1.0,-0.25598078193150337,[  0 276],[ 45 297],[ 94 292],[142 279],[191 275],[239 263]
889,0.8865115665962777,-0.5439882423944531,1.0,1.0,-0.11653102169436919,[  0 276],[ 45 297],[ 92 281],[141 274],[190 282],[238 270]
890,0.805919605996616,-0.5430671144661695,1.0,1.0,-0.07818346652873662,[  0 276],[ 47 291],[ 95 280],[144 272],[192 285],[240 272]
891,0.7326541872696509,-0.5422927432926111,1.0,1.0,0.03916629536906949,[  0 276],[ 49 285],[ 98 280],[147 278],[196 285],[245 278]
892,0.6696098334605072,-0.5394957477274512,1.0,1.0,0.17100467327868898,[  0 276],[ 45 297],[ 93 286],[142 278],[191 285],[240 284]
893,0.6278426639320754,-0.5314007188754327,1.0,1.0,0.17100467327868898,[  0 276],[ 45 297],[ 93 286],[142 278],[191 285],[240 284]
894,0.605418389204291,-0.5201507839038144,1.0,1.0,0.16545160978688953,[  0 276],[ 47 291],[ 95 280],[144 278],[192 291],[241 284]
895,0.600073740341477,-0.5049445684718897,1.0,1.0,0.17007183873001236,[  0 276],[ 47 291],[ 95 280],[144 278],[190 297],[238 284]
896,0.6106760448961926,-0.4868459482013781,1.0,1.0,0.17160713181067827,[  0 276],[ 45 297],[ 93 286],[142 278],[191 279],[240 284]
897,0.635915151928723,-0.46697631603326356,1.0,1.0,0.205158615928545,[  0 276],[ 47 291],[ 94 274],[143 278],[192 286],[241 286]
898,0.6775105779518003,-0.44546197956264233,1.0,1.0,0.20595730457790468,[  0 276],[ 47 291],[ 94 274],[143 278],[192 280],[241 286]
899,0.7340479929344073,-0.42121575063321054,1.0,1.0,0.1875013370312245,[  0 276],[ 47 291],[ 94 274],[142 284],[191 280],[240 285]
900,0.8024912190123431,-0.3950461501712586,1.0,1.0,0.17310087681204142,[  0 276],[ 45 297],[ 94 292],[143 284],[192 291],[241 284]
901,0.8804487769751976,-0.36733620186970045,1.0,1.0,0.23333779081871225,[  0 276],[ 45 297],[ 94 298],[142 285],[191 287],[240 287]
902,0.972531810652221,-0.33739272306325885,1.0,1.0,0.35314310997486864,[  0 276],[ 45 297],[ 94 304],[143 297],[190 311],[236 293]
903,1.0618221991412422,-0.3027418504207007,1.0,1.0,0.5077898858532799,[  0 276],[ 45 297],[ 94 298],[143 297],[188 317],[235 300]
904,1.119231796586717,-0.2607521271250578,1.0,1.0,0.7285592394267227,[  0 276],[ 45 297],[ 94 298],[143 297],[185 322],[233 310]
905,1.148061155564509,-0.20914057505912215,1.0,1.0,0.8479732687948467,[  0 276],[ 45 297],[ 94 298],[143 297],[190 311],[239 317]
906,1.14175547020102,-0.1457805813959377,1.0,1.0,0.8479732687948467,[  0 276],[ 45 297],[ 94 298],[143 297],[190 311],[239 317]
907,1.1032874449194006,-0.07170697770316409,1.0,1.0,0.82983736920162,[  0 276],[ 45 297],[ 94 292],[142 302],[189 316],[238 316]
908,1.0439608835771468,0.010601970533223981,1.0,1.0,0.9050559100921803,[  0 276],[ 45 297],[ 94 292],[143 296],[186 320],[235 319]
909,0.9667566658176885,0.10126060563935427,1.0,1.0,1.0271500925417953,[  0 276],[ 45 297],[ 94 292],[143 296],[186 320],[235 325]
910,0.8859772840641474,0.19927319820269312,1.0,1.0,1.0271500925417953,[  0 276],[ 45 297],[ 94 292],[143 296],[186 320],[235 325]
911,0.8054338946037704,0.30344828542941754,1.0,1.0,1.0415380430026833,[  0 276],[ 45 297],[ 94 292],[142 302],[187 321],[236 326]
912,0.732212631457973,0.4118216158305345,1.0,1.0,0.9508163845960969,[  0 276],[ 45 297],[ 93 286],[140 302],[187 316],[236 322]
913,0.6656478467799755,0.5209766213495145,1.0,1.0,0.9097791435568364,[  0 276],[ 45 297],[ 94 292],[143 296],[189 315],[238 320]
914,0.605134406163614,0.630282641870562,1.0,1.0,0.9721337366298348,[  0 276],[ 47 291],[ 96 292],[145 291],[190 311],[238 323]
915,0.5501221874214673,0.7406519622557363,1.0,1.0,1.00281052891049,[  0 276],[ 49 285],[ 97 297],[146 295],[192 314],[240 325]
916,0.5001110794740612,0.8523432356538103,1.0,1.0,0.8792226014595118,[  0 276],[ 49 285],[ 97 297],[146 295],[192 314],[241 319]
917,0.4546464358855102,0.9635300587836344,1.0,1.0,0.9460775727813526,[  0 276],[ 47 291],[ 96 292],[144 302],[191 316],[240 322]
918,0.41331494171410016,1.0747124292223764,1.0,1.0,0.9649048029296198,[  0 276],[ 47 291],[ 96 298],[145 297],[192 311],[240 323]
919,0.3757408561037274,1.1861365955078471,1.0,1.0,0.9649048029296198,[  0 276],[ 47 291],[ 96 298],[145 297],[192 311],[240 323]
920,0.34158259645793404,1.2980322484841622,1.0,1.0,0.9704892344405138,[  0 276],[ 47 291],[ 96 298],[145 297],[190 317],[239 323]
921,0.3105296331435764,1.410629046975746,1.0,1.0,0.9766939264126877,[  0 276],[ 45 297],[ 94 298],[143 297],[188 317],[237 323]
922,0.2822996664941604,1.5231264474534674,1.0,1.0,0.9766939264126877,[  0 276],[ 45 297],[ 94 298],[143 297],[188 317],[237 323]
923,0.2566360604492367,1.6338997772028205,1.0,1.0,0.9766939264126877,[  0 276],[ 45 297],[ 94 298],[143 297],[188 317],[237 323]
924,0.2333055094993061,1.7409969502553153,1.0,1.0,0.9766939264126877,[  0 276],[ 45 297],[ 94 298],[143 297],[188 317],[237 323]
925,0.2120959177266419,1.84174167148921,1.0,1.0,0.9783384286020088,[  0 276],[ 45 297],[ 94 298],[143 291],[188 311],[236 323]
926,0.19281447066058355,1.9351054884264849,1.0,1.0,0.8496177709841679,[  0 276],[ 45 297],[ 94 298],[143 291],[190 305],[238 317]
927,0.17528588241871232,2.0200041106720437,1.0,1.0,0.848997510522888,[  0 276],[ 47 291],[ 96 298],[145 291],[190 311],[239 317]
928,0.15935080219882938,2.097445951004205,1.0,1.0,0.8552022024950618,[  0 276],[ 45 297],[ 94 298],[143 291],[188 311],[237 317]
929,0.14486436563529945,2.167167800748028,1.0,1.0,0.8479732687948467,[  0 276],[ 45 297],[ 94 298],[143 297],[190 311],[239 317]
930,0.13169487785027223,2.2281079801913175,1.0,1.0,0.8476225556925555,[  0 276],[ 45 297],[ 94 304],[143 303],[190 317],[239 317]
931,0.1197226162275202,2.2810600405463637,1.0,1.0,0.9763432133103964,[  0 276],[ 45 297],[ 94 304],[143 303],[188 323],[237 323]
932,0.10883874202501836,2.3283092568278745,1.0,1.0,1.091559175162088,[  0 276],[ 45 297],[ 94 304],[143 309],[190 323],[239 329]
933,0.09894431093183488,2.3731823096824205,1.0,1.0,1.3318455594630045,[  0 276],[ 42 302],[ 91 303],[140 302],[179 332],[228 338]
934,0.08994937357439535,2.4197314452216374,1.0,1.0,1.3393075704480542,[  0 276],[ 47 291],[ 96 298],[144 309],[189 329],[237 341]
935,0.08177215779490486,2.467055757082083,1.0,1.0,1.4579939836088707,[  0 276],[ 47 291],[ 96 298],[144 309],[186 334],[234 346]
936,0.07433832526809533,2.5162849058829204,1.0,1.0,1.467316629121251,[  0 276],[ 47 291],[ 96 298],[144 309],[189 329],[235 347]
937,0.06758029569826848,2.5690581415336147,1.0,1.0,1.543607051244083,[  0 276],[ 45 297],[ 94 298],[142 308],[187 327],[231 350]
938,0.061436632452971346,2.6251819395587375,1.0,1.0,1.4536880851548366,[  0 276],[ 47 291],[ 95 304],[144 303],[183 333],[231 345]
939,0.05585148404815577,2.6828688007028294,1.0,1.0,1.4629122603265428,[  0 276],[ 47 291],[ 95 304],[144 303],[186 328],[232 346]
940,0.05077407640741434,2.7421024125255986,1.0,1.0,1.3559787875942115,[  0 276],[ 47 291],[ 93 309],[142 313],[190 326],[237 342]
941,0.04615825127946758,2.801207826271121,1.0,1.0,1.317990218414316,[  0 276],[ 45 297],[ 94 304],[141 320],[188 334],[237 340]
942,0.0419620466176978,2.859594060930709,1.0,1.0,1.3397151368658966,[  0 276],[ 45 297],[ 93 310],[142 315],[184 340],[233 340]
943,0.038147315106997995,2.9176227453092416,1.0,1.0,1.4664590881759756,[  0 276],[ 45 297],[ 93 310],[141 321],[186 341],[235 347]
944,0.034679377369998175,2.977054710586498,1.0,1.0,1.4940288689383214,[  0 276],[ 45 297],[ 91 316],[135 338],[184 347],[233 348]
945,0.03152670669999834,3.0381383373275352,1.0,1.0,1.700667817330819,[  0 276],[ 42 302],[ 90 315],[134 337],[179 357],[228 357]
946,0.028660642454543944,3.103518853302053,1.0,1.0,1.9456464804576832,[  0 276],[ 42 302],[ 90 315],[134 337],[179 357],[227 369]
947,0.02605512950413086,3.177901532044435,1.0,1.0,1.950727888011734,[  0 276],[ 45 297],[ 91 316],[135 338],[177 363],[226 369]
948,0.02368648136739169,3.26054574513963,1.0,1.0,2.069629135516239,[  0 276],[ 45 297],[ 94 304],[132 336],[177 356],[223 374]
949,0.021533164879446988,3.3522372152219146,1.0,1.0,2.274809322121619,[  0 276],[ 45 297],[ 94 304],[141 320],[172 358],[216 381]
950,0.0195756044358609,3.4550499523875384,1.0,1.0,2.224485002833874,[  0 276],[ 45 297],[ 91 316],[140 321],[175 356],[218 380]
951,0.01779600403260082,3.5672914740900326,1.0,1.0,2.224485002833874,[  0 276],[ 45 297],[ 91 316],[140 321],[175 356],[218 380]
952,0.016178185484182563,3.6863493364039837,1.0,1.0,2.2208613733966605,[  0 276],[ 45 297],[ 93 310],[141 321],[176 356],[219 380]
953,0.014707441349256875,3.8099833321198653,1.0,1.0,2.215950381839602,[  0 276],[ 42 302],[ 91 309],[139 320],[174 355],[217 379]
954,0.013370401226597158,3.9344338485303476,1.0,1.0,2.027540482031736,[  0 276],[ 42 302],[ 90 315],[137 331],[180 356],[226 373]
955,0.012154910205997417,4.056955675879655,1.0,1.0,1.9447469473332393,[  0 276],[ 42 302],[ 90 315],[138 326],[177 356],[225 368]
956,0.01104991836908856,4.174976695702538,1.0,1.0,1.9447469473332393,[  0 276],[ 42 302],[ 90 315],[138 326],[177 356],[225 368]
957,0.010045380335535054,4.2887789453353236,1.0,1.0,2.0643328936184995,[  0 276],[ 42 302],[ 90 315],[134 337],[176 362],[224 374]
958,0.009132163941395504,4.399336342852052,1.0,1.0,2.1818917411761207,[  0 276],[ 42 302],[ 90 315],[128 347],[173 367],[221 379]
959,0.008301967219450458,4.509773117722096,1.0,1.0,2.4116061861149585,[  0 276],[ 38 307],[ 87 315],[131 338],[169 369],[214 388]
960,0.0075472429267731435,4.623106921137432,1.0,1.0,2.310019946605131,[  0 276],[ 45 297],[ 88 321],[132 343],[171 373],[219 385]
961,0.006861129933430131,4.739147303683341,1.0,1.0,2.547639042438465,[  0 276],[ 42 302],[ 90 315],[128 347],[173 367],[213 395]
962,0.006237390848572846,4.861406499052678,1.0,1.0,2.5488650783823346,[  0 276],[ 42 302],[ 90 315],[134 337],[173 367],[213 395]
963,0.005670355316884406,4.989039630409118,1.0,1.0,2.5150809864546972,[  0 276],[ 42 302],[ 90 315],[137 331],[168 369],[212 392]
964,0.005154868469894915,5.119369139346046,1.0,1.0,2.528548162487246,[  0 276],[ 42 302],[ 90 315],[137 331],[172 365],[212 393]
965,0.0046862440635408315,5.251957592382556,1.0,1.0,2.528548162487246,[  0 276],[ 42 302],[ 90 315],[137 331],[172 365],[212 393]
966,0.00426022187594621,5.3837818271224265,1.0,1.0,2.399485875652899,[  0 276],[ 42 302],[ 90 315],[137 331],[172 365],[216 388]
967,0.0038729289781329183,5.509810759547698,1.0,1.0,2.413337364396834,[  0 276],[ 42 302],[ 90 315],[137 331],[176 361],[216 389]
968,0.00352084452557538,5.63069082733956,1.0,1.0,2.2937749982938858,[  0 276],[ 42 302],[ 90 315],[137 331],[176 361],[219 384]
969,0.0032007677505230727,5.743638332551857,1.0,1.0,2.3331910861870715,[  0 276],[ 42 302],[ 90 315],[139 320],[174 355],[214 384]
970,0.0029097888641118844,5.847113997709383,1.0,1.0,2.310838499341278,[  0 276],[ 42 302],[ 90 315],[139 320],[170 359],[213 382]
971,0.0026452626037380767,5.942360331895871,1.0,1.0,2.172316174411016,[  0 276],[ 42 302],[ 90 315],[131 342],[178 356],[222 379]
972,0.0024047841852164334,6.028236515314185,1.0,1.0,2.2076273372176143,[  0 276],[ 38 307],[ 85 321],[131 339],[173 366],[220 380]
973,0.0021861674411058486,6.106125308837483,1.0,1.0,2.274258019928183,[  0 276],[ 38 307],[ 85 321],[129 344],[171 370],[219 383]
974,0.0019874249464598625,6.1777284071053264,1.0,1.0,2.261678514021101,[  0 276],[ 38 307],[ 83 326],[127 349],[169 375],[218 382]
975,0.0018067499513271478,6.246014924148675,1.0,1.0,2.5392724268379236,[  0 276],[ 38 307],[ 83 326],[127 349],[165 380],[212 394]
976,0.0016424999557519526,6.316200741635874,1.0,1.0,2.757063805115758,[  0 276],[ 38 307],[ 83 326],[127 349],[161 384],[207 403]
977,0.0014931817779563206,6.39108307832127,1.0,1.0,2.776396026310286,[  0 276],[ 38 307],[ 83 326],[127 349],[165 380],[208 405]
978,0.0013574379799602915,6.468867881662883,1.0,1.0,2.757063805115758,[  0 276],[ 38 307],[ 83 326],[127 349],[161 384],[207 403]
979,0.0012340345272366287,6.547424594663525,1.0,1.0,2.861979311468164,[  0 276],[ 38 307],[ 83 326],[129 343],[159 382],[202 406]
980,0.001121849570215117,6.624981240009835,1.0,1.0,2.762262781168184,[  0 276],[ 38 307],[ 85 321],[129 344],[159 383],[205 402]
981,0.0010198632456501064,6.7016542289777945,1.0,1.0,2.795446491106647,[  0 276],[ 38 307],[ 85 321],[125 349],[163 380],[206 405]
982,0.0009271484051364603,6.774736138703233,1.0,1.0,2.785110339100772,[  0 276],[ 42 302],[ 90 315],[128 347],[167 377],[207 405]
983,0.0008428621864876912,6.844395764736156,1.0,1.0,2.688833725949126,[  0 276],[ 42 302],[ 88 321],[137 326],[168 365],[204 398]
984,0.0007662383513524465,6.910092053031919,1.0,1.0,2.5944739242907024,[  0 276],[ 42 302],[ 88 321],[134 338],[169 373],[212 397]
985,0.000696580319411315,6.970714939143569,1.0,1.0,2.3633109681620352,[  0 276],[ 42 302],[ 88 321],[134 338],[173 369],[219 388]
986,0.0006332548358284683,7.023573419322453,1.0,1.0,2.401160189413324,[  0 276],[ 38 307],[ 85 321],[129 344],[174 365],[217 389]
987,0.0005756862143895166,7.0716494146727165,1.0,1.0,2.4014695768163747,[  0 276],[ 38 307],[ 85 321],[129 344],[171 370],[217 389]
988,0.0005233511039904697,7.115193031524131,1.0,1.0,2.5392724268379236,[  0 276],[ 38 307],[ 85 321],[129 344],[167 375],[212 394]
989,0.00047577373090042696,7.158125829960109,1.0,1.0,2.556514269167578,[  0 276],[ 42 302],[ 88 321],[132 343],[171 373],[214 396]
990,0.0004325215735458427,7.200200962851641,1.0,1.0,2.598919221000374,[  0 276],[ 42 302],[ 88 321],[134 338],[173 369],[213 398]
991,0.0003932014304962206,7.242379457139294,1.0,1.0,2.598919221000374,[  0 276],[ 42 302],[ 88 321],[134 338],[173 369],[213 398]
992,0.0003574558459056551,7.286540857127016,1.0,1.0,2.55529722208575,[  0 276],[ 42 302],[ 88 321],[136 332],[175 362],[212 395]
993,0.00032495985991423193,7.331428537364055,1.0,1.0,2.530928780998809,[  0 276],[ 42 302],[ 90 315],[137 331],[176 361],[213 394]
994,0.00029541805446748357,7.375735575230509,1.0,1.0,2.4250802835377505,[  0 276],[ 42 302],[ 91 309],[135 331],[177 356],[214 389]
995,0.00026856186769771235,7.418242906511603,1.0,1.0,2.4478301619172265,[  0 276],[ 42 302],[ 90 315],[139 320],[174 355],[210 388]
996,0.00024414715245246575,7.4556389949727695,1.0,1.0,2.4478301619172265,[  0 276],[ 42 302],[ 90 315],[139 320],[174 355],[210 388]
997,0.00022195195677496887,7.485418616621123,1.0,1.0,2.2462598881721654,[  0 276],[ 45 297],[ 91 316],[137 333],[182 354],[222 383]
998,0.0002017745061590626,7.505261870781379,1.0,1.0,2.2012405855942747,[  0 276],[ 45 297],[ 91 316],[139 327],[181 352],[221 380]
999,0.00018343136923551146,7.515721785206319,1.0,1.0,2.155206722754701,[  0 276],[ 42 302],[ 90 315],[137 331],[180 356],[224 379]
1000,0.00016675579021410133,7.51559299029199,1.0,1.0,2.273803336093409,[  0 276],[ 38 307],[ 87 315],[131 338],[173 364],[219 383]
1001,0.0001515961729219103,7.50881509339158,1.0,1.0,2.3176391592556005,[  0 276],[ 38 307],[ 85 321],[131 339],[173 366],[218 385]
1002,0.00013781470265628208,7.49613781441142,1.0,1.0,2.4014695768163747,[  0 276],[ 38 307],[ 85 321],[129 344],[171 370],[217 389]
1003,0.0001252860933238928,7.479381550398306,1.0,1.0,2.518840525801334,[  0 276],[ 38 307],[ 85 321],[129 344],[171 370],[214 394]
1004,0.00011389644847626618,7.461830494020732,1.0,1.0,2.508685930509814,[  0 276],[ 38 307],[ 87 315],[128 343],[170 369],[213 393]
1005,0.00010354222588751471,7.444705151944108,1.0,1.0,2.508685930509814,[  0 276],[ 38 307],[ 87 315],[128 343],[170 369],[213 393]
1006,9.412929626137701e-05,7.431119044997374,1.0,1.0,2.5572917517690352,[  0 276],[ 42 302],[ 88 321],[132 343],[174 368],[214 396]
1007,8.557208751034274e-05,7.420897105441557,1.0,1.0,2.548785532024021,[  0 276],[ 42 302],[ 90 315],[131 342],[173 367],[213 395]
1008,7.77928068275843e-05,7.413613287052736,1.0,1.0,2.4300801948808437,[  0 276],[ 42 302],[ 90 315],[134 337],[176 362],[216 390]
1009,7.072073347962209e-05,7.405502648990757,1.0,1.0,2.245702920706796,[  0 276],[ 45 297],[ 88 321],[134 338],[176 364],[222 383]
1010,6.429157589056554e-05,7.393891005091766,1.0,1.0,2.081590901271673,[  0 276],[ 38 307],[ 85 321],[131 339],[175 360],[222 374]
1011,5.84468871732414e-05,7.376280488096383,1.0,1.0,2.086625128136033,[  0 276],[ 38 307],[ 83 326],[131 337],[170 367],[219 373]
1012,5.313353379385582e-05,7.35328509865243,1.0,1.0,2.022506453715465,[  0 276],[ 38 307],[ 83 326],[127 349],[172 370],[221 371]
1013,4.8303212539868925e-05,7.325114870498332,1.0,1.0,2.1338134071747366,[  0 276],[ 38 307],[ 83 326],[124 354],[171 369],[220 376]
1014,4.391201139988084e-05,7.29409036253337,1.0,1.0,2.428620637023074,[  0 276],[ 34 311],[ 82 324],[123 351],[165 376],[213 388]
1015,3.992001036352803e-05,7.265934541930931,1.0,1.0,2.427620736634827,[  0 276],[ 42 302],[ 85 326],[126 353],[168 378],[216 390]
1016,3.629091851229821e-05,7.240062758311226,1.0,1.0,2.5769125395714214,[  0 276],[ 42 302],[ 85 326],[129 348],[164 383],[212 396]
1017,3.299174410208928e-05,7.218303169261325,1.0,1.0,2.6867462669804674,[  0 276],[ 42 302],[ 88 321],[129 348],[164 383],[210 401]
1018,2.9992494638262983e-05,7.2045283571088,1.0,1.0,2.6350512242799926,[  0 276],[ 38 307],[ 85 321],[129 344],[159 383],[207 396]
1019,2.7265904216602713e-05,7.1979214002249465,1.0,1.0,2.764422932062731,[  0 276],[ 38 307],[ 85 321],[129 344],[163 379],[206 403]
1020,2.4787185651457012e-05,7.200222569548371,1.0,1.0,2.8223614003129924,[  0 276],[ 42 302],[ 88 321],[132 343],[167 378],[207 407]
1021,2.2533805137688192e-05,7.209794878899934,1.0,1.0,2.6748831683710104,[  0 276],[ 42 302],[ 88 321],[132 343],[174 368],[211 401]
1022,2.0485277397898357e-05,7.223368487525655,1.0,1.0,2.7284455342832996,[  0 276],[ 42 302],[ 88 321],[134 338],[173 369],[209 403]
1023,1.862297945263487e-05,7.240166894787223,1.0,1.0,2.598919221000374,[  0 276],[ 42 302],[ 88 321],[134 338],[173 369],[213 398]
1024,1.6929981320577156e-05,7.256530156323182,1.0,1.0,2.465753266672862,[  0 276],[ 42 302],[ 88 321],[136 332],[171 367],[214 391]
1025,1.5390892109615598e-05,7.27082040321264,1.0,1.0,2.430596471083123,[  0 276],[ 38 307],[ 85 321],[131 339],[169 370],[214 389]
1026,1.3991720099650543e-05,7.282746680483601,1.0,1.0,2.256603601243204,[  0 276],[ 38 307],[ 83 326],[129 343],[171 369],[219 382]
1027,1.2719745545136857e-05,7.289488457768214,1.0,1.0,2.2611240507325117,[  0 276],[ 38 307],[ 81 332],[127 349],[169 375],[218 382]
1028,1.1563405041033505e-05,7.291694689645705,1.0,1.0,2.378422710784701,[  0 276],[ 38 307],[ 81 332],[127 349],[166 380],[215 387]
1029,1.051218640093955e-05,7.292995934751204,1.0,1.0,2.511381619400546,[  0 276],[ 38 307],[ 81 332],[125 355],[167 381],[215 394]
1030,9.556533091763227e-06,7.2978017761929355,1.0,1.0,2.7667958943073554,[  0 276],[ 38 307],[ 83 326],[124 354],[162 385],[207 404]
1031,8.687757356148388e-06,7.311514427408633,1.0,1.0,2.7428785541583527,[  0 276],[ 38 307],[ 83 326],[120 358],[162 384],[208 403]
1032,7.89796123286217e-06,7.332929384323208,1.0,1.0,2.795446491106647,[  0 276],[ 38 307],[ 85 321],[125 349],[163 380],[206 405]
1033,7.179964757147428e-06,7.3629376183917925,1.0,1.0,2.8115575340869094,[  0 276],[ 38 307],[ 85 321],[125 349],[167 376],[206 406]
1034,6.5272406883158435e-06,7.399459796548399,1.0,1.0,2.8115575340869094,[  0 276],[ 38 307],[ 85 321],[125 349],[167 376],[206 406]
1035,5.933855171196221e-06,7.437883643468911,1.0,1.0,2.794781972413703,[  0 276],[ 42 302],[ 88 321],[129 348],[168 378],[208 406]
1036,5.394413791996565e-06,7.477821157520907,1.0,1.0,2.827350303874237,[  0 276],[ 42 302],[ 88 321],[134 338],[169 373],[205 406]
1037,4.9040125381786955e-06,7.5175430488995785,1.0,1.0,2.7136931076821535,[  0 276],[ 42 302],[ 88 321],[136 332],[166 371],[206 400]
1038,4.458193216526087e-06,7.554021316162484,1.0,1.0,2.6664564949843097,[  0 276],[ 42 302],[ 90 315],[134 337],[173 367],[210 400]
1039,4.0529029241146245e-06,7.587611631002003,1.0,1.0,2.6770897244276783,[  0 276],[ 42 302],[ 90 315],[134 337],[176 362],[208 399]
1040,3.6844572037405676e-06,7.61695737347927,1.0,1.0,2.547671611482819,[  0 276],[ 42 302],[ 90 315],[134 337],[176 362],[213 395]
1041,3.3495065488550614e-06,7.639889551338191,1.0,1.0,2.481620560948185,[  0 276],[ 42 302],[ 88 321],[134 338],[176 364],[216 393]
1042,3.045005953504601e-06,7.658101586563263,1.0,1.0,2.4447509366899767,[  0 276],[ 38 307],[ 85 321],[131 339],[173 366],[216 391]
1043,2.768187230458728e-06,7.670789419527965,1.0,1.0,2.4014695768163747,[  0 276],[ 38 307],[ 85 321],[129 344],[171 370],[217 389]
1044,2.516533845871571e-06,7.679631317984276,1.0,1.0,2.530222476247671,[  0 276],[ 38 307],[ 85 321],[125 349],[170 370],[213 394]
1045,2.287758041701428e-06,7.688548533075124,1.0,1.0,2.5553774018447477,[  0 276],[ 38 307],[ 85 321],[125 349],[167 376],[212 395]
1046,2.079780037910389e-06,7.698356650395372,1.0,1.0,2.674414678809515,[  0 276],[ 42 302],[ 85 326],[126 353],[165 383],[211 401]
1047,1.890709125373081e-06,7.712970544471501,1.0,1.0,2.764422932062731,[  0 276],[ 38 307],[ 85 321],[129 344],[163 379],[206 403]
1048,1.718826477611892e-06,7.733119069286122,1.0,1.0,2.764422932062731,[  0 276],[ 38 307],[ 85 321],[129 344],[163 379],[206 403]
1049,1.56256952510172e-06,7.756699549407751,1.0,1.0,2.676076635270526,[  0 276],[ 42 302],[ 88 321],[132 343],[171 373],[211 401]
1050,1.4205177500924727e-06,7.780382190643821,1.0,1.0,2.676076635270526,[  0 276],[ 42 302],[ 88 321],[132 343],[171 373],[211 401]
1051,1.291379772811339e-06,7.800674783689747,1.0,1.0,2.5488650783823346,[  0 276],[ 42 302],[ 90 315],[134 337],[173 367],[213 395]
1052,1.1739816116466718e-06,7.816476957243642,1.0,1.0,2.632592631886143,[  0 276],[ 42 302],[ 90 315],[137 331],[168 369],[209 397]
1053,1.0672560105878834e-06,7.82862183512145,1.0,1.0,2.586481550793962,[  0 276],[ 42 302],[ 90 315],[138 326],[168 365],[208 394]
1054,9.702327368980758e-07,7.83659341523819,1.0,1.0,2.4682442469405825,[  0 276],[ 42 302],[ 90 315],[138 326],[168 365],[211 389]
1055,8.820297608164326e-07,7.839158761428686,1.0,1.0,2.4565143138309615,[  0 276],[ 45 297],[ 91 316],[140 321],[171 360],[211 389]
1056,8.018452371058478e-07,7.8368781535302805,1.0,1.0,2.45677901363805,[  0 276],[ 42 302],[ 90 315],[138 326],[173 361],[213 390]
1057,7.289502155507706e-07,7.8297516287557825,1.0,1.0,2.340710421280371,[  0 276],[ 45 297],[ 91 316],[137 333],[172 368],[218 386]
1058,6.626820141370642e-07,7.818186842328032,1.0,1.0,2.363001580758985,[  0 276],[ 45 297],[ 91 316],[137 333],[176 364],[219 388]
1059,6.024381946700583e-07,7.803535378563368,1.0,1.0,2.363001580758985,[  0 276],[ 45 297],[ 91 316],[137 333],[176 364],[219 388]
1060,5.476710860636894e-07,7.785932845909101,1.0,1.0,2.363001580758985,[  0 276],[ 45 297],[ 91 316],[137 333],[176 364],[219 388]
1061,4.978828055124449e-07,7.7674123158044415,1.0,1.0,2.3639402245601753,[  0 276],[ 45 297],[ 91 316],[137 333],[179 359],[219 388]
1062,4.526207322840408e-07,7.748970738394915,1.0,1.0,2.2937749982938858,[  0 276],[ 42 302],[ 90 315],[137 331],[176 361],[219 384]
1063,4.1147339298549164e-07,7.730146905226308,1.0,1.0,2.2937749982938858,[  0 276],[ 42 302],[ 90 315],[137 331],[176 361],[219 384]
1064,3.740667208959015e-07,7.711565767184085,1.0,1.0,2.3639402245601753,[  0 276],[ 45 297],[ 91 316],[137 333],[179 359],[219 388]
1065,3.400606553599104e-07,7.692406338259054,1.0,1.0,2.2937749982938858,[  0 276],[ 42 302],[ 90 315],[137 331],[176 361],[219 384]
1066,3.091460503271913e-07,7.671421370096968,1.0,1.0,2.3074888669357754,[  0 276],[ 42 302],[ 91 309],[135 331],[177 356],[217 384]
1067,2.8104186393381027e-07,7.647340592514975,1.0,1.0,2.3074888669357754,[  0 276],[ 42 302],[ 91 309],[135 331],[177 356],[217 384]
1068,2.5549260357619113e-07,7.619218057461432,1.0,1.0,2.1711836703488174,[  0 276],[ 42 302],[ 91 309],[138 325],[177 355],[220 378]
1069,2.3226600325108283e-07,7.585562490207567,1.0,1.0,2.1937134453320177,[  0 276],[ 45 297],[ 93 310],[137 332],[182 352],[222 380]
1070,2.1115091204643893e-07,7.548388840113983,1.0,1.0,2.1937134453320177,[  0 276],[ 45 297],[ 93 310],[137 332],[182 352],[222 380]
1071,1.9195537458767176e-07,7.508016932893382,1.0,1.0,2.07415107922907,[  0 276],[ 45 297],[ 93 310],[137 332],[182 352],[225 375]
1072,1.745048859887925e-07,7.464841826340745,1.0,1.0,2.010651635333827,[  0 276],[ 45 297],[ 91 316],[137 333],[182 354],[228 373]
1073,1.5864080544435682e-07,7.417110715885362,1.0,1.0,1.9559752027428703,[  0 276],[ 45 297],[ 93 310],[137 332],[182 352],[228 370]
1074,1.442189140403244e-07,7.365120983452498,1.0,1.0,2.010651635333827,[  0 276],[ 45 297],[ 91 316],[137 333],[182 354],[228 373]
1075,1.3110810367302217e-07,7.311617691082531,1.0,1.0,2.1283319717218365,[  0 276],[ 45 297],[ 91 316],[137 333],[179 359],[225 378]
1076,1.1918918515729287e-07,7.258503120626527,1.0,1.0,2.1184190748858347,[  0 276],[ 45 297],[ 91 316],[137 333],[176 364],[224 377]
1077,1.0835380468844806e-07,7.205603148319901,1.0,1.0,2.2018731727918777,[  0 276],[ 45 297],[ 91 316],[135 338],[177 363],[223 381]
1078,9.850345880768005e-08,7.155619029198126,1.0,1.0,2.193366953046864,[  0 276],[ 45 297],[ 93 310],[134 337],[176 362],[222 380]
1079,8.954859891607276e-08,7.107865721436802,1.0,1.0,2.193366953046864,[  0 276],[ 45 297],[ 93 310],[134 337],[176 362],[222 380]
1080,8.140781719642978e-08,7.06214042400316,1.0,1.0,2.1934464994051774,[  0 276],[ 45 297],[ 93 310],[137 332],[176 362],[222 380]
1081,7.40071065422089e-08,7.018259857045024,1.0,1.0,2.1889515015879946,[  0 276],[ 45 297],[ 94 304],[135 331],[177 356],[220 379]
1082,6.727918776564444e-08,6.975982222678916,1.0,1.0,2.0707756251017955,[  0 276],[ 45 297],[ 94 304],[135 331],[177 356],[223 374]
1083,6.116289796876768e-08,6.93450710907529,1.0,1.0,2.070246164444818,[  0 276],[ 45 297],[ 94 304],[138 326],[180 351],[223 374]
1084,5.560263451706152e-08,6.8937543398831425,1.0,1.0,2.0702650884271785,[  0 276],[ 45 297],[ 94 304],[135 331],[180 351],[223 374]
1085,5.054784956096502e-08,6.852701706943013,1.0,1.0,2.070246164444818,[  0 276],[ 45 297],[ 94 304],[138 326],[180 351],[223 374]
1086,4.59525905099682e-08,6.812333011081317,1.0,1.0,2.0375263863666913,[  0 276],[ 45 297],[ 93 310],[140 326],[183 351],[227 374]
1087,4.1775082281789275e-08,6.771952890108379,1.0,1.0,2.0375263863666913,[  0 276],[ 45 297],[ 93 310],[140 326],[183 351],[227 374]
1088,3.797734752889934e-08,6.731562382670675,1.0,1.0,2.0375263863666913,[  0 276],[ 45 297],[ 93 310],[140 326],[183 351],[227 374]
1089,3.4524861389908494e-08,6.693021140218461,1.0,1.0,2.0375263863666913,[  0 276],[ 45 297],[ 93 310],[140 326],[183 351],[227 374]
1090,3.138623762718954e-08,6.655853823548738,1.0,1.0,2.0375263863666913,[  0 276],[ 45 297],[ 93 310],[140 326],[183 351],[227 374]
1091,2.853294329744504e-08,6.619935530317645,1.0,1.0,2.0375263863666913,[  0 276],[ 45 297],[ 93 310],[140 326],[183 351],[227 374]
1092,2.593903936131367e-08,6.586783108841256,1.0,1.0,2.0375263863666913,[  0 276],[ 45 297],[ 93 310],[140 326],[183 351],[227 374]
1093,2.358094487392152e-08,6.55701101774044,1.0,1.0,1.9353274574746078,[  0 276],[ 45 297],[ 94 304],[141 320],[180 350],[226 368]
1094,2.1437222612655926e-08,6.529663920213314,1.0,1.0,2.0535033339608075,[  0 276],[ 45 297],[ 94 304],[141 320],[180 350],[223 373]
1095,1.948838419332357e-08,6.505387263806294,1.0,1.0,1.952070287958618,[  0 276],[ 45 297],[ 94 304],[138 326],[180 351],[226 369]
1096,1.7716712903021428e-08,6.480914007748596,1.0,1.0,1.952070287958618,[  0 276],[ 45 297],[ 94 304],[138 326],[180 351],[226 369]
1097,1.6106102639110388e-08,6.456397200601681,1.0,1.0,2.0692259847565957,[  0 276],[ 45 297],[ 93 310],[142 315],[181 345],[221 373]
1098,1.4641911490100353e-08,6.432300368813095,1.0,1.0,1.9506602181595574,[  0 276],[ 45 297],[ 94 304],[142 315],[181 345],[224 368]
1099,1.3310828627363958e-08,6.4070845208022815,1.0,1.0,1.9506602181595574,[  0 276],[ 45 297],[ 94 304],[142 315],[181 345],[224 368]
1100,1.2100753297603598e-08,6.380851385316715,1.0,1.0,1.9506602181595574,[  0 276],[ 45 297],[ 94 304],[142 315],[181 345],[224 368]
1101,1.100068481600327e-08,6.35369235831285,1.0,1.0,1.9506602181595574,[  0 276],[ 45 297],[ 94 304],[142 315],[181 345],[224 368]
1102,1.0000622560002974e-08,6.325752907171676,1.0,1.0,1.9506602181595574,[  0 276],[ 45 297],[ 94 304],[142 315],[181 345],[224 368]
1103,9.091475054548159e-09,6.298715468766851,1.0,1.0,1.8324843416733578,[  0 276],[ 45 297],[ 94 304],[142 315],[181 345],[227 363]
1104,8.264977322316508e-09,6.270893772633762,1.0,1.0,1.9506602181595574,[  0 276],[ 45 297],[ 94 304],[142 315],[181 345],[224 368]
1105,7.513615747560462e-09,6.243970346100033,1.0,1.0,1.9149350584216227,[  0 276],[ 45 297],[ 94 304],[141 320],[184 345],[228 368]
1106,6.830559770509511e-09,6.217376625078145,1.0,1.0,1.8324843416733578,[  0 276],[ 45 297],[ 94 304],[142 315],[181 345],[227 363]
1107,6.2095997913722825e-09,6.190404487176064,1.0,1.0,1.9149350584216227,[  0 276],[ 45 297],[ 94 304],[141 320],[184 345],[228 368]
1108,5.645090719429348e-09,6.1642126618840125,1.0,1.0,1.9149350584216227,[  0 276],[ 45 297],[ 94 304],[141 320],[184 345],[228 368]
1109,5.1319006540266795e-09,6.138730211691987,1.0,1.0,1.8318753346580667,[  0 276],[ 45 297],[ 94 304],[142 315],[184 340],[227 363]
1110,4.665364230933345e-09,6.112760015357757,1.0,1.0,1.8318753346580667,[  0 276],[ 45 297],[ 94 304],[142 315],[184 340],[227 363]
1111,4.241240209939404e-09,6.086346413439702,1.0,1.0,1.8318753346580667,[  0 276],[ 45 297],[ 94 304],[142 315],[184 340],[227 363]
1112,3.855672918126731e-09,6.059529715536352,1.0,1.0,1.8318753346580667,[  0 276],[ 45 297],[ 94 304],[142 315],[184 340],[227 363]
1113,3.505157198297028e-09,6.032346566737281,1.0,1.0,1.905334926418692,[  0 276],[ 45 297],[ 94 304],[141 320],[186 339],[227 367]
1114,3.1865065439063893e-09,6.007225624223726,1.0,1.0,1.905334926418692,[  0 276],[ 45 297],[ 94 304],[141 320],[186 339],[227 367]
1115,2.89682413082399e-09,5.982367925472193,1.0,1.0,1.9109549799354424,[  0 276],[ 45 297],[ 94 298],[141 314],[184 339],[225 367]
1116,2.6334764825672637e-09,5.959209354225028,1.0,1.0,1.905334926418692,[  0 276],[ 45 297],[ 94 304],[141 320],[186 339],[227 367]
1117,2.3940695296066036e-09,5.9375188072520615,1.0,1.0,1.8318753346580667,[  0 276],[ 45 297],[ 94 304],[142 315],[184 340],[227 363]
1118,2.1764268450969125e-09,5.914563528411658,1.0,1.0,1.8318753346580667,[  0 276],[ 45 297],[ 94 304],[142 315],[184 340],[227 363]
1119,1.978569859179011e-09,5.89207529923627,1.0,1.0,1.8318753346580667,[  0 276],[ 45 297],[ 94 304],[142 315],[184 340],[227 363]
1120,1.7986998719809191e-09,5.870011660665442,1.0,1.0,1.8327512876001983,[  0 276],[ 45 297],[ 94 304],[142 315],[187 335],[227 363]
1121,1.6351817018008355e-09,5.848345958366154,1.0,1.0,1.8327512876001983,[  0 276],[ 45 297],[ 94 304],[142 315],[187 335],[227 363]
1122,1.4865288198189413e-09,5.827042016313718,1.0,1.0,1.8327512876001983,[  0 276],[ 45 297],[ 94 304],[142 315],[187 335],[227 363]
1123,1.3513898361990376e-09,5.806066947212967,1.0,1.0,1.7131889214972502,[  0 276],[ 45 297],[ 94 304],[142 315],[187 335],[230 358]
1124,1.2285362147263978e-09,5.785371946846246,1.0,1.0,1.7131889214972502,[  0 276],[ 45 297],[ 94 304],[142 315],[187 335],[230 358]
1125,1.1168511042967252e-09,5.763320065194741,1.0,1.0,1.7127028586659576,[  0 276],[ 45 297],[ 93 310],[142 315],[184 340],[230 358]
1126,1.0153191857242956e-09,5.74051518824216,1.0,1.0,1.7176043729561195,[  0 276],[ 45 297],[ 93 310],[141 321],[186 341],[232 359]
1127,9.230174415675414e-10,5.718216936893669,1.0,1.0,1.7127028586659576,[  0 276],[ 45 297],[ 93 310],[142 315],[184 340],[230 358]
1128,8.391067650614013e-10,5.695188087489282,1.0,1.0,1.7131889214972502,[  0 276],[ 45 297],[ 94 304],[142 315],[187 335],[230 358]
1129,7.628243318740012e-10,5.671501686163598,1.0,1.0,1.7053519726196038,[  0 276],[ 42 302],[ 91 303],[140 308],[185 328],[225 356]
1130,6.93476665340001e-10,5.648243275476088,1.0,1.0,1.5832577901699887,[  0 276],[ 42 302],[ 91 303],[140 302],[185 322],[225 350]
1131,6.304333321272736e-10,5.62370902651715,1.0,1.0,1.342714236824032,[  0 276],[ 42 302],[ 91 303],[140 296],[182 321],[228 339]
1132,5.731212110247942e-10,5.594734785220379,1.0,1.0,1.225033900436022,[  0 276],[ 45 297],[ 94 298],[143 291],[185 316],[231 334]
1133,5.210192827498129e-10,5.560119455393014,1.0,1.0,1.1063474872752057,[  0 276],[ 45 297],[ 94 298],[143 291],[188 311],[234 329]
1134,4.736538934089208e-10,5.517755690470725,1.0,1.0,0.9776268296573648,[  0 276],[ 45 297],[ 94 298],[143 291],[190 305],[236 323]
1135,4.3059444855356435e-10,5.466592611949172,1.0,1.0,0.8550355017122961,[  0 276],[ 45 297],[ 94 298],[142 285],[189 299],[235 317]
1136,3.914494986850585e-10,5.405681820408353,1.0,1.0,0.7270264430390992,[  0 276],[ 45 297],[ 94 298],[142 285],[189 299],[237 311]
1137,3.5586318062278046e-10,5.334240530597888,1.0,1.0,0.7150014683735737,[  0 276],[ 45 297],[ 94 298],[142 285],[191 287],[235 310]
1138,3.235119823843459e-10,5.2540638053208575,1.0,1.0,0.5873352276506083,[  0 276],[ 45 297],[ 94 298],[142 285],[191 287],[237 304]
1139,2.9410180216758715e-10,5.164204871791638,1.0,1.0,0.5877899114853823,[  0 276],[ 45 297],[ 94 298],[140 279],[189 281],[233 304]
1140,2.673652746978065e-10,5.065550130994537,1.0,1.0,0.46379647014801534,[  0 276],[ 45 297],[ 94 298],[137 274],[186 282],[232 299]
1141,2.4305934063436956e-10,4.957196437304644,1.0,1.0,0.34802320302687373,[  0 276],[ 45 297],[ 94 292],[140 273],[183 298],[232 292]
1142,2.2096303694033597e-10,4.838446787342377,1.0,1.0,0.29885088014204414,[  0 276],[ 45 297],[ 93 286],[141 272],[187 291],[236 290]
1143,2.0087548812757815e-10,4.709575736365887,1.0,1.0,0.3208547869245136,[  0 276],[ 45 297],[ 93 286],[139 267],[184 286],[233 291]
1144,1.8261408011598014e-10,4.573433860915814,1.0,1.0,0.25536499123030887,[  0 276],[ 45 297],[ 92 281],[140 268],[187 282],[236 288]
1145,1.660128001054365e-10,4.429789102366652,1.0,1.0,0.25536499123030887,[  0 276],[ 45 297],[ 92 281],[140 268],[187 282],[236 288]
1146,1.5092072736857862e-10,4.279330169129655,1.0,1.0,0.22688806170454598,[  0 276],[ 47 291],[ 96 286],[142 267],[189 281],[238 287]
1147,1.3720066124416238e-10,4.1222213710335,1.0,1.0,0.1931583710347138,[  0 276],[ 47 291],[ 95 280],[141 261],[186 280],[235 285]
1148,1.2472787385832944e-10,3.9586741297511145,1.0,1.0,0.05190922947779987,[  0 276],[ 47 291],[ 96 286],[139 261],[185 280],[234 279]
1149,1.1338897623484495e-10,3.7873410055123173,1.0,1.0,0.046791855039223534,[  0 276],[ 47 291],[ 96 286],[139 261],[187 274],[236 279]
1150,1.0308088748622268e-10,3.6089668909645876,1.0,1.0,-0.02436610646939763,[  0 276],[ 47 291],[ 95 280],[141 261],[190 269],[239 275]
1151,0.002215100681836955,3.424886460967023,1.0,1.0,-0.02436610646939763,[  0 276],[ 47 291],[ 95 280],[141 261],[190 269],[239 275]
1152,0.006443929068833165,3.238898610833418,1.0,1.0,-0.14620854348931484,[  0 276],[ 47 291],[ 95 280],[141 261],[190 269],[239 269]
1153,0.023580004283312885,3.051119986476613,1.0,1.0,-0.18452047876489014,[  0 276],[ 45 297],[ 92 281],[138 263],[187 272],[236 267]
1154,0.05593284345692083,2.8628094011607894,1.0,1.0,-0.19268556288919594,[  0 276],[ 45 297],[ 93 286],[136 261],[184 274],[233 267]
1155,0.10286138478649132,2.675659154611678,1.0,1.0,-0.13582455000341387,[  0 276],[ 45 297],[ 93 286],[139 267],[186 281],[234 269]
1156,0.15787138145004756,2.4920108388618174,1.0,1.0,-0.07244372860884182,[  0 276],[ 45 297],[ 93 286],[141 272],[190 273],[239 272]
1157,0.2144662628359025,2.3141559585667446,1.0,1.0,-0.022368870608638625,[  0 276],[ 47 291],[ 96 292],[142 273],[191 281],[240 275]
1158,0.26794968869655594,2.142414653676012,1.0,1.0,0.11089960355451134,[  0 276],[ 45 297],[ 94 292],[140 273],[187 287],[236 281]
1159,0.3165709849335136,1.9797893452649449,1.0,1.0,0.10564137492891253,[  0 276],[ 47 291],[ 96 292],[144 279],[193 281],[242 281]
1160,0.36077216333074785,1.8253734030291138,1.0,1.0,0.10484268627955284,[  0 276],[ 47 291],[ 96 292],[144 279],[193 287],[242 281]
1161,0.400955052782779,1.6801004493983336,1.0,1.0,0.04932650717387513,[  0 276],[ 47 291],[ 91 269],[140 273],[188 286],[237 279]
1162,0.4374849522846255,1.5439609911541745,1.0,1.0,0.11043494510225633,[  0 276],[ 45 297],[ 92 281],[141 274],[190 270],[238 281]
1163,0.47069395183175866,1.41762853909076,1.0,1.0,0.04316963996600082,[  0 276],[ 47 291],[ 94 274],[143 272],[192 273],[241 278]
1164,0.5008839514200616,1.2989942397564034,1.0,1.0,-0.07892454248361432,[  0 276],[ 47 291],[ 94 274],[143 272],[192 273],[241 272]
1165,0.5355043639988474,1.1865863830836167,1.0,1.0,-0.20014014449864156,[  0 276],[ 47 291],[ 95 280],[143 266],[192 267],[241 266]
1166,0.5816459922045333,1.0781859888029612,1.0,1.0,-0.1955105479449299,[  0 276],[ 47 291],[ 91 269],[140 267],[189 268],[238 267]
1167,0.602966739509289,0.9738801947798725,1.0,1.0,-0.3379930825758723,[  0 276],[ 47 291],[ 91 269],[140 267],[189 262],[238 260]
1168,0.6047893851468202,0.8718137713005566,1.0,1.0,-0.3486889910382864,[  0 276],[ 49 285],[ 96 268],[145 266],[194 261],[243 259]
1169,0.6017273148647759,0.7735634105850501,1.0,1.0,-0.3880654818878849,[  0 276],[ 49 285],[ 98 286],[141 262],[190 264],[239 258]
1170,0.5946898096048062,0.6783150280674017,1.0,1.0,-0.2567388887159629,[  0 276],[ 45 297],[ 92 281],[141 274],[190 270],[239 263]
1171,0.5882920775502883,0.5885568696570864,1.0,1.0,-0.1458479146658171,[  0 276],[ 47 291],[ 96 292],[142 273],[189 287],[235 269]
1172,0.5824759575007266,0.5053019737177578,1.0,1.0,-0.0122366225524356,[  0 276],[ 45 297],[ 94 292],[140 273],[187 287],[235 275]
1173,0.5771885756374886,0.43144259451296185,1.0,1.0,-0.012691306387209472,[  0 276],[ 45 297],[ 94 292],[142 279],[191 287],[239 275]
1174,0.5723818648527268,0.3666408294046612,1.0,1.0,0.03782409509182766,[  0 276],[ 49 285],[ 97 274],[146 278],[192 297],[238 278]
1175,0.5714506818749276,0.31087344736958367,1.0,1.0,0.10937270089557125,[  0 276],[ 47 291],[ 96 292],[144 279],[191 293],[239 281]
1176,0.5805471247037985,0.26351942621359026,1.0,1.0,0.10937270089557125,[  0 276],[ 47 291],[ 96 292],[144 279],[191 293],[239 281]
1177,0.5987595909932786,0.2229496310195655,1.0,1.0,0.11124360836909715,[  0 276],[ 45 297],[ 94 292],[142 279],[191 281],[240 281]
1178,0.6254294338354511,0.18788998737469392,1.0,1.0,0.17160713181067827,[  0 276],[ 45 297],[ 93 286],[142 278],[191 279],[240 284]
1179,0.6551936117152595,0.1568454139919402,1.0,1.0,0.04286028184182092,[  0 276],[ 47 291],[ 95 280],[144 278],[193 285],[242 278]
1180,0.6765445831435315,0.12776696873824925,1.0,1.0,0.042860281841820905,[  0 276],[ 47 291],[ 95 280],[144 278],[193 279],[242 278]
1181,0.6903197931294395,0.10048680390165203,1.0,1.0,-0.016201062091004678,[  0 276],[ 47 291],[ 96 292],[144 279],[193 281],[242 275]
1182,0.698358483373549,0.0747930962874971,1.0,1.0,-0.021920895061570286,[  0 276],[ 47 291],[ 96 298],[142 279],[191 281],[240 275]
1183,0.6956268431316253,0.049630327908758626,1.0,1.0,-0.017808680825785822,[  0 276],[ 45 297],[ 94 298],[140 279],[189 287],[237 275]
1184,0.6892190210966036,0.025923561371835643,1.0,1.0,-0.01164087230815189,[  0 276],[ 45 297],[ 94 298],[142 285],[191 287],[239 275]
1185,0.683393728337493,0.005289460022480142,1.0,1.0,0.0917863369858806,[  0 276],[ 45 297],[ 94 298],[143 291],[192 287],[241 280]
1186,0.6864422201006544,-0.00948799827487228,1.0,1.0,0.21327806090350646,[  0 276],[ 45 297],[ 94 298],[143 291],[192 287],[241 286]
1187,0.7086024908765743,-0.017347661151804895,1.0,1.0,0.2319942040074743,[  0 276],[ 45 297],[ 94 298],[143 291],[192 299],[240 287]
1188,0.7498385737644538,-0.01672025531378891,1.0,1.0,0.48204777991223513,[  0 276],[ 45 297],[ 94 298],[142 285],[189 299],[238 299]
1189,0.7619579511036692,-0.004821657675358177,1.0,1.0,0.3431355481361435,[  0 276],[ 49 285],[ 98 292],[147 291],[196 299],[245 293]
1190,0.7376968866949662,0.015966172405361065,1.0,1.0,0.383702990686562,[  0 276],[ 49 285],[ 98 286],[147 291],[196 300],[245 295]
1191,0.692301474621967,0.04359749810695844,1.0,1.0,0.45053136770495844,[  0 276],[ 47 291],[ 96 286],[145 290],[194 298],[243 298]
1192,0.6377740168587116,0.07684932986801209,1.0,1.0,0.45053136770495844,[  0 276],[ 47 291],[ 96 286],[145 290],[194 298],[243 298]
1193,0.587091180478258,0.11338874042702532,1.0,1.0,0.3489257381422473,[  0 276],[ 47 291],[ 96 292],[145 291],[194 299],[243 293]
1194,0.5398621195517357,0.1515375279060754,1.0,1.0,0.349724426791607,[  0 276],[ 47 291],[ 96 292],[145 291],[194 293],[243 293]
1195,0.4969266096185336,0.19047143013748152,1.0,1.0,0.2076451823144837,[  0 276],[ 47 291],[ 96 286],[145 290],[194 292],[243 286]
1196,0.45789432786107714,0.2272059660035632,1.0,1.0,0.29414462518259893,[  0 276],[ 45 297],[ 94 292],[143 290],[192 291],[241 290]
1197,0.42241043535429856,0.2631206157584605,1.0,1.0,0.22578951203530043,[  0 276],[ 47 291],[ 96 298],[145 291],[194 299],[242 287]
1198,0.39015235125722714,0.29733228694927,1.0,1.0,0.2262374875823687,[  0 276],[ 47 291],[ 96 298],[145 297],[194 299],[242 287]
1199,0.36082682025988944,0.32917876561052895,1.0,1.0,0.34728123595292626,[  0 276],[ 47 291],[ 96 298],[145 297],[194 305],[242 293]
1200,0.3341672466259461,0.36228130467682484,1.0,1.0,0.47662215403204705,[  0 276],[ 45 297],[ 94 298],[143 297],[192 305],[241 299]
1201,0.3099312705950885,0.39828945663059695,1.0,1.0,0.6046391078573038,[  0 276],[ 45 297],[ 94 298],[143 291],[190 305],[239 305]
1202,0.28642574128603576,0.43949014254241214,1.0,1.0,0.6046391078573038,[  0 276],[ 45 297],[ 94 298],[143 291],[190 305],[239 305]
1203,0.263064269635845,0.4854893115929561,1.0,1.0,0.5057971731361771,[  0 276],[ 49 285],[ 98 286],[147 291],[196 300],[245 301]
1204,0.24020759715150927,0.5344468178292955,1.0,1.0,0.53277698832923,[  0 276],[ 47 291],[ 96 286],[145 290],[193 303],[242 302]
1205,0.21837054286500843,0.5863775215982956,1.0,1.0,0.47115250196140024,[  0 276],[ 49 285],[ 98 286],[147 285],[194 299],[243 299]
1206,0.19851867533182585,0.6387604272743256,1.0,1.0,0.34348626123843484,[  0 276],[ 49 285],[ 98 286],[147 285],[196 293],[245 293]
1207,0.1804715230289326,0.6881568169843746,1.0,1.0,0.3232494537812288,[  0 276],[ 49 285],[ 98 280],[147 284],[196 292],[245 292]
1208,0.16406502093539327,0.7343070155813339,1.0,1.0,0.20140701676131162,[  0 276],[ 49 285],[ 98 280],[147 284],[196 292],[245 286]
1209,0.1491500190321757,0.7724348220810572,1.0,1.0,1.0446846512143844,[  0 276],[ 49 285],[ 98 280],[147 284],[196 286],[229 323]
1210,0.135590926392887,0.8166630430318724,1.0,1.0,0.20589969188342266,[  0 276],[ 47 291],[ 95 280],[144 284],[193 286],[242 286]
1211,0.12326447853898818,0.854445926185298,1.0,1.0,0.08071868582367225,[  0 276],[ 49 285],[ 97 274],[145 284],[194 286],[243 280]
1212,0.11205861685362561,0.8837511015718492,1.0,1.0,0.10564137492891253,[  0 276],[ 47 291],[ 96 292],[144 279],[193 281],[242 281]
1213,0.10187146986693238,0.9056891247490405,1.0,1.0,0.0391662953690695,[  0 276],[ 49 285],[ 98 280],[147 278],[196 279],[245 278]
1214,0.09261042715175671,0.9214087897813984,1.0,1.0,0.09985118492280871,[  0 276],[ 49 285],[ 98 292],[146 279],[195 281],[244 281]
1215,0.08419129741068793,0.9322920319671493,1.0,1.0,0.08411486755798747,[  0 276],[ 47 291],[ 94 274],[143 278],[192 280],[241 280]
1216,0.07653754310062538,0.9405013842075161,1.0,1.0,0.08411486755798747,[  0 276],[ 47 291],[ 94 274],[143 278],[192 280],[241 280]
1217,0.06957958463693216,0.9451003895493321,1.0,1.0,0.10564137492891253,[  0 276],[ 47 291],[ 96 292],[144 279],[193 281],[242 281]
1218,0.06325416785175651,0.9476429198086231,1.0,1.0,0.10564137492891253,[  0 276],[ 47 291],[ 96 292],[144 279],[193 281],[242 281]
1219,0.057503788956142284,0.9483098185081588,1.0,1.0,0.10564137492891253,[  0 276],[ 47 291],[ 96 292],[144 279],[193 281],[242 281]
1220,0.05227617177831117,0.9456210010392273,1.0,1.0,0.12924633008185465,[  0 276],[ 45 297],[ 92 281],[141 274],[190 276],[239 282]
1221,0.04752379252573743,0.9384396784681507,1.0,1.0,0.049512949361063124,[  0 276],[ 45 297],[ 93 286],[142 278],[191 279],[240 278]
1222,0.043203447750670386,0.9243413012422231,1.0,1.0,0.04316963996600082,[  0 276],[ 47 291],[ 94 274],[143 272],[192 273],[241 278]
1223,0.03927586159151853,0.9038681928383168,1.0,1.0,-0.07244372860884182,[  0 276],[ 45 297],[ 93 286],[141 272],[190 273],[239 272]
1224,0.04229112222945701,0.8773711729018788,1.0,1.0,-0.14446305305825377,[  0 276],[ 47 291],[ 96 286],[142 267],[191 275],[240 269]
1225,0.058165273087424155,0.8440478814861968,1.0,1.0,-0.08187745300148802,[  0 276],[ 49 285],[ 98 280],[147 272],[196 273],[245 272]
1226,0.08003972414025684,0.8062126626315375,1.0,1.0,-0.01596794851909432,[  0 276],[ 45 297],[ 94 292],[140 273],[189 275],[238 275]
1227,0.10137722041729512,0.7669153608124263,1.0,1.0,0.01650015258538512,[  0 276],[ 49 285],[ 97 297],[143 277],[191 290],[239 277]
1228,0.12077494430551174,0.7270075959605637,1.0,1.0,0.10395497016744304,[  0 276],[ 47 291],[ 96 292],[145 285],[192 299],[238 281]
1229,0.13840923874934502,0.689398918187136,1.0,1.0,0.2319942040074743,[  0 276],[ 45 297],[ 94 298],[143 291],[192 299],[240 287]
1230,0.1544404155164662,0.6441270686584709,1.0,1.0,0.5382276770452935,[  0 276],[ 45 297],[ 94 292],[143 290],[191 303],[240 302]
1231,0.16901421257748545,0.6075025870664373,1.0,1.0,0.5382276770452935,[  0 276],[ 45 297],[ 94 292],[143 290],[191 303],[240 302]
1232,0.18226311899659386,0.5804463627721562,1.0,1.0,0.6340701436268219,[  0 276],[ 47 291],[ 96 292],[145 297],[194 300],[243 307]
1233,0.1943075793776015,0.5630556420777812,1.0,1.0,0.6330790870599068,[  0 276],[ 47 291],[ 96 292],[145 297],[194 306],[243 307]
1234,0.2052570888148812,0.5553447067877699,1.0,1.0,0.6330790870599068,[  0 276],[ 47 291],[ 96 292],[145 297],[194 306],[243 307]
1235,0.21521118830331726,0.5556060551896291,1.0,1.0,0.720276852905047,[  0 276],[ 47 291],[ 96 292],[145 291],[192 305],[241 311]
1236,0.22426036965644094,0.5645185808096883,1.0,1.0,0.720276852905047,[  0 276],[ 47 291],[ 96 292],[145 291],[192 305],[241 311]
1237,0.23248689815928067,0.5812958129917475,1.0,1.0,0.7581788530889543,[  0 276],[ 49 285],[ 97 297],[146 289],[192 308],[241 313]
1238,0.23996556043458953,0.605446080586711,1.0,1.0,0.7581788530889543,[  0 276],[ 49 285],[ 97 297],[146 289],[192 308],[241 313]
1239,0.24676434432123392,0.6362991076479511,1.0,1.0,0.7581788530889543,[  0 276],[ 49 285],[ 97 297],[146 289],[192 308],[241 313]
1240,0.2529450569454561,0.6732455524058063,1.0,1.0,0.7581788530889543,[  0 276],[ 49 285],[ 97 297],[146 289],[192 308],[241 313]
1241,0.2585638866038399,0.7154095820448624,1.0,1.0,0.7534556196242982,[  0 276],[ 49 285],[ 97 297],[146 289],[189 313],[238 312]
1242,0.263671913566007,0.7633397363112302,1.0,1.0,0.6911294181346574,[  0 276],[ 49 285],[ 98 286],[146 296],[195 304],[244 310]
1243,0.26831557444070436,0.8157484189829554,1.0,1.0,0.6699169686711699,[  0 276],[ 49 285],[ 97 297],[146 301],[195 309],[244 309]
1244,0.26595129081689817,0.8735157763747057,1.0,1.0,0.8476225556925555,[  0 276],[ 45 297],[ 94 304],[143 303],[190 317],[239 317]
1245,0.25066893724450584,0.9395599959410806,1.0,1.0,0.9731871894512958,[  0 276],[ 45 297],[ 94 304],[143 303],[185 328],[234 322]
1246,0.22933248372401388,1.0139874406712321,1.0,1.0,1.129477387306445,[  0 276],[ 49 285],[ 95 303],[144 307],[190 326],[239 331]
1247,0.2084840761127399,1.0972684631871727,1.0,1.0,1.2213218764372606,[  0 276],[ 45 297],[ 94 304],[143 303],[188 323],[236 335]
1248,0.18953097828430898,1.1894078707996443,1.0,1.0,1.3406107481300662,[  0 276],[ 45 297],[ 94 298],[143 303],[185 328],[233 340]
1249,0.1723008893493718,1.2900344565104724,1.0,1.0,1.3406107481300662,[  0 276],[ 45 297],[ 94 298],[143 303],[185 328],[233 340]
1250,0.15663717213579254,1.3966306691219879,1.0,1.0,1.3704362637423824,[  0 276],[ 49 285],[ 95 303],[144 307],[187 331],[235 342]
1251,0.14239742921435686,1.504884615860144,1.0,1.0,1.4624151148310893,[  0 276],[ 47 291],[ 96 298],[145 303],[187 328],[233 346]
1252,0.12945220837668805,1.6158998506828197,1.0,1.0,1.4624151148310893,[  0 276],[ 47 291],[ 96 298],[145 303],[187 328],[233 346]
1253,0.11768382579698913,1.7281184046744011,1.0,1.0,1.468619806803263,[  0 276],[ 45 297],[ 94 298],[143 303],[185 328],[231 346]
1254,0.10698529617908104,1.8415290090268845,1.0,1.0,1.468017348271274,[  0 276],[ 45 297],[ 94 304],[143 303],[185 328],[231 346]
1255,0.09725936016280094,1.9560150801820244,1.0,1.0,1.4159408105211175,[  0 276],[ 45 297],[ 94 298],[142 308],[187 327],[233 344]
1256,0.08841760014800086,2.069579653381462,1.0,1.0,1.3364058379177721,[  0 276],[ 45 297],[ 93 310],[142 309],[181 339],[230 339]
1257,0.0803796364981826,2.1812219333583966,1.0,1.0,1.4625541733917233,[  0 276],[ 45 297],[ 94 304],[142 315],[184 340],[233 346]
1258,0.07307239681652963,2.2923200331597386,1.0,1.0,1.403434609133857,[  0 276],[ 42 302],[ 91 309],[138 325],[183 344],[232 343]
1259,0.06642945165139058,2.402117247834298,1.0,1.0,1.5895085444322596,[  0 276],[ 42 302],[ 88 321],[136 332],[181 352],[230 352]
1260,0.06039041059217325,2.5132692115113064,1.0,1.0,1.700667817330819,[  0 276],[ 42 302],[ 90 315],[134 337],[179 357],[228 357]
1261,0.05490037326561205,2.6271685734573396,1.0,1.0,1.9551777009578648,[  0 276],[ 45 297],[ 91 316],[135 338],[180 358],[228 370]
1262,0.0499094302414655,2.7471005672446456,1.0,1.0,1.950727888011734,[  0 276],[ 45 297],[ 91 316],[135 338],[177 363],[226 369]
1263,0.04537220931042318,2.873305995276884,1.0,1.0,2.073864114118681,[  0 276],[ 45 297],[ 91 316],[135 338],[177 363],[225 375]
1264,0.04124746300947561,3.0071829363804756,1.0,1.0,2.073864114118681,[  0 276],[ 45 297],[ 91 316],[135 338],[177 363],[225 375]
1265,0.03749769364497783,3.14561072227137,1.0,1.0,2.188535507848118,[  0 276],[ 42 302],[ 91 309],[135 331],[174 361],[220 379]
1266,0.0340888124045253,3.2880270956048667,1.0,1.0,2.224485002833874,[  0 276],[ 45 297],[ 91 316],[140 321],[175 356],[218 380]
1267,0.03098982945865936,3.432428447937965,1.0,1.0,2.334187685692981,[  0 276],[ 42 302],[ 91 309],[139 320],[174 355],[214 384]
1268,0.028172572235144872,3.5788778474579055,1.0,1.0,2.192648997620172,[  0 276],[ 45 297],[ 91 316],[135 338],[174 368],[222 380]
1269,0.025611429304677157,3.7236323686054433,1.0,1.0,2.334187685692981,[  0 276],[ 42 302],[ 91 309],[139 320],[174 355],[214 384]
1270,0.023283117549706505,3.8687761642517904,1.0,1.0,2.2727183681861467,[  0 276],[ 42 302],[ 90 315],[137 331],[180 356],[221 384]
1271,0.021166470499733185,4.013028916263612,1.0,1.0,2.2727183681861467,[  0 276],[ 42 302],[ 90 315],[137 331],[180 356],[221 384]
1272,0.01924224590884835,4.155217371547382,1.0,1.0,2.27689454770783,[  0 276],[ 42 302],[ 91 309],[138 325],[173 359],[217 382]
1273,0.017492950826225772,4.295586141344583,1.0,1.0,2.350563910552573,[  0 276],[ 45 297],[ 93 310],[141 321],[171 360],[214 384]
1274,0.015902682569296157,4.435220624393166,1.0,1.0,2.350563910552573,[  0 276],[ 45 297],[ 93 310],[141 321],[171 360],[214 384]
1275,0.014456984153905597,4.574195789377531,1.0,1.0,2.350563910552573,[  0 276],[ 45 297],[ 93 310],[141 321],[171 360],[214 384]
1276,0.013142712867186906,4.713281708909201,1.0,1.0,2.33909867725004,[  0 276],[ 45 297],[ 93 310],[141 321],[176 356],[216 385]
1277,0.011947920788351734,4.8533965381107045,1.0,1.0,2.32930275694277,[  0 276],[ 45 297],[ 93 310],[142 315],[173 354],[213 383]
1278,0.010861746171228849,4.992592954433222,1.0,1.0,2.281805539264889,[  0 276],[ 45 297],[ 93 310],[140 326],[175 360],[219 383]
1279,0.009874314701117135,5.1311129365009345,1.0,1.0,2.2727183681861467,[  0 276],[ 42 302],[ 90 315],[137 331],[180 356],[221 384]
1280,0.008976649728288304,5.2663566905227714,1.0,1.0,2.1755991218076867,[  0 276],[ 42 302],[ 90 315],[137 331],[176 361],[222 379]
1281,0.008160590662080277,5.39578189378549,1.0,1.0,2.1755991218076867,[  0 276],[ 42 302],[ 90 315],[137 331],[176 361],[222 379]
1282,0.007418718783709343,5.516446916126822,1.0,1.0,2.2937749982938858,[  0 276],[ 42 302],[ 90 315],[137 331],[176 361],[219 384]
1283,0.00674428980337213,5.630820306122789,1.0,1.0,2.310517828777896,[  0 276],[ 42 302],[ 90 315],[134 337],[176 362],[219 385]
1284,0.006131172548520118,5.738023211319022,1.0,1.0,2.310517828777896,[  0 276],[ 42 302],[ 90 315],[134 337],[176 362],[219 385]
1285,0.00557379322592738,5.838707493970041,1.0,1.0,2.363001580758985,[  0 276],[ 45 297],[ 91 316],[137 333],[176 364],[219 388]
1286,0.005067084750843073,5.9326177428288425,1.0,1.0,2.2937749982938858,[  0 276],[ 42 302],[ 90 315],[137 331],[176 361],[219 384]
1287,0.004606440682584612,6.018935559911299,1.0,1.0,2.3104942485955835,[  0 276],[ 42 302],[ 90 315],[138 326],[177 356],[217 384]
1288,0.004187673347804193,6.097083210389476,1.0,1.0,2.1909318824926354,[  0 276],[ 42 302],[ 90 315],[138 326],[177 356],[220 379]
1289,0.003806975770731084,6.168103113799717,1.0,1.0,2.324662187690131,[  0 276],[ 45 297],[ 91 316],[140 321],[182 346],[214 383]
1290,0.0034608870643009857,6.232536769199896,1.0,1.0,2.220628124237638,[  0 276],[ 45 297],[ 91 316],[140 315],[175 350],[215 379]
1291,0.0031462609675463504,6.2904024980553075,1.0,1.0,2.1952440747452715,[  0 276],[ 45 297],[ 91 316],[140 321],[182 346],[219 379]
1292,0.0028602372432239547,6.341951238467851,1.0,1.0,2.1952440747452715,[  0 276],[ 45 297],[ 91 316],[140 321],[182 346],[219 379]
1293,0.002600215675658141,6.387700314211583,1.0,1.0,2.074029028706083,[  0 276],[ 45 297],[ 93 310],[141 321],[183 346],[223 374]
1294,0.0023638324324164917,6.425519452862523,1.0,1.0,2.074029028706083,[  0 276],[ 45 297],[ 93 310],[141 321],[183 346],[223 374]
1295,0.002148938574924083,6.456129557792744,1.0,1.0,2.086563919161976,[  0 276],[ 45 297],[ 93 310],[141 321],[186 341],[222 374]
1296,0.0019535805226582573,6.480356926028528,1.0,1.0,1.9553426155452671,[  0 276],[ 45 297],[ 93 310],[141 321],[186 341],[226 369]
1297,0.0017759822933256883,6.497148769037812,1.0,1.0,1.9149350584216227,[  0 276],[ 45 297],[ 94 304],[141 320],[184 345],[228 368]
1298,0.0016145293575688076,6.506763612248236,1.0,1.0,1.9149350584216227,[  0 276],[ 45 297],[ 94 304],[141 320],[184 345],[228 368]
1299,0.0014677539614261887,6.510501599518941,1.0,1.0,1.835780249442319,[  0 276],[ 45 297],[ 93 310],[141 321],[186 341],[229 364]
1300,0.001334321783114717,6.507941522691256,1.0,1.0,1.835780249442319,[  0 276],[ 45 297],[ 93 310],[141 321],[186 341],[229 364]
1301,0.0012130198028315609,6.500980286406561,1.0,1.0,1.9104146089323155,[  0 276],[ 45 297],[ 93 310],[140 326],[185 345],[229 368]
1302,0.001102745275301419,6.49103573733581,1.0,1.0,1.9104146089323155,[  0 276],[ 45 297],[ 93 310],[140 326],[185 345],[229 368]
1303,0.0010024957048194718,6.47676759650747,1.0,1.0,1.9559752027428703,[  0 276],[ 45 297],[ 93 310],[137 332],[182 352],[228 370]
1304,0.0009113597316540653,6.458961887217592,1.0,1.0,2.074661615903687,[  0 276],[ 45 297],[ 93 310],[137 332],[179 357],[225 375]
1305,0.0008285088469582411,6.4395586576876,1.0,1.0,2.1934464994051774,[  0 276],[ 45 297],[ 93 310],[137 332],[176 362],[222 380]
1306,0.0007531898608711283,6.419607243369147,1.0,1.0,2.3200490492780776,[  0 276],[ 45 297],[ 91 316],[135 338],[177 363],[220 386]
1307,0.0006847180553373894,6.401827876502155,1.0,1.0,2.3200490492780776,[  0 276],[ 45 297],[ 91 316],[135 338],[177 363],[220 386]
1308,0.0006224709593976266,6.38579510845056,1.0,1.0,2.2018731727918777,[  0 276],[ 45 297],[ 91 316],[135 338],[177 363],[223 381]
1309,0.0005658826903614788,6.371369064180464,1.0,1.0,2.2208613733966605,[  0 276],[ 45 297],[ 93 310],[141 321],[176 356],[219 380]
1310,0.0005144388094195262,6.35683901283092,1.0,1.0,2.192813912207574,[  0 276],[ 45 297],[ 93 310],[141 321],[180 351],[220 379]
1311,0.000467671644926842,6.343250590530925,1.0,1.0,2.192813912207574,[  0 276],[ 45 297],[ 93 310],[141 321],[180 351],[220 379]
1312,0.0004251560408425836,6.330864340769051,1.0,1.0,2.192813912207574,[  0 276],[ 45 297],[ 93 310],[141 321],[180 351],[220 379]
1313,0.00038650549167507597,6.319570975132743,1.0,1.0,2.153735445544315,[  0 276],[ 47 291],[ 93 309],[141 319],[180 349],[220 377]
1314,0.0003513686287955236,6.310391184783893,1.0,1.0,2.192813912207574,[  0 276],[ 45 297],[ 93 310],[141 321],[180 351],[220 379]
1315,0.0003194260261777487,6.303665714696323,1.0,1.0,2.192813912207574,[  0 276],[ 45 297],[ 93 310],[141 321],[180 351],[220 379]
1316,0.0002903872965252261,6.299000514521881,1.0,1.0,2.192813912207574,[  0 276],[ 45 297],[ 93 310],[141 321],[180 351],[220 379]
1317,0.0002639884513865692,6.297997668408692,1.0,1.0,2.192813912207574,[  0 276],[ 45 297],[ 93 310],[141 321],[180 351],[220 379]
1318,0.00023998950126051744,6.300875247221056,1.0,1.0,2.192813912207574,[  0 276],[ 45 297],[ 93 310],[141 321],[180 351],[220 379]
1319,0.00021817227387319768,6.3072804850566495,1.0,1.0,2.187902920650515,[  0 276],[ 42 302],[ 91 309],[139 320],[178 350],[218 378]
1320,0.00019833843079381606,6.317905101332756,1.0,1.0,2.187902920650515,[  0 276],[ 42 302],[ 91 309],[139 320],[178 350],[218 378]
1321,0.0001803076643580146,6.332365516191146,1.0,1.0,2.192813912207574,[  0 276],[ 45 297],[ 93 310],[141 321],[180 351],[220 379]
1322,0.00016391605850728602,6.349362247470709,1.0,1.0,2.1937134453320177,[  0 276],[ 45 297],[ 93 310],[137 332],[182 352],[222 380]
1323,0.00014901459864298728,6.368676987312126,1.0,1.0,2.192837492389886,[  0 276],[ 45 297],[ 93 310],[137 332],[179 357],[222 380]
1324,0.00013546781694817025,6.389465782026782,1.0,1.0,2.1711836703488174,[  0 276],[ 42 302],[ 91 309],[138 325],[177 355],[220 378]
1325,0.00012315256086197296,6.409680896146177,1.0,1.0,2.128022584318786,[  0 276],[ 45 297],[ 91 316],[137 333],[182 354],[225 378]
1326,0.0001119568735108845,6.42716612832172,1.0,1.0,2.1184913638186043,[  0 276],[ 45 297],[ 88 321],[134 338],[176 364],[224 377]
1327,0.00010177897591898591,6.440313280043221,1.0,1.0,2.235385683370282,[  0 276],[ 38 307],[ 83 326],[132 331],[167 366],[215 379]
1328,9.252634174453264e-05,6.45111073570948,1.0,1.0,2.20976135424298,[  0 276],[ 38 307],[ 83 326],[131 337],[170 367],[218 379]
1329,8.41148561313933e-05,6.461034170607685,1.0,1.0,2.3222426199469988,[  0 276],[ 38 307],[ 85 321],[133 333],[167 369],[214 383]
1330,7.646805102853937e-05,6.471437946604467,1.0,1.0,2.3633109681620352,[  0 276],[ 42 302],[ 88 321],[134 338],[173 369],[219 388]
1331,6.951641002594488e-05,6.483220884637284,1.0,1.0,2.4300801948808437,[  0 276],[ 42 302],[ 90 315],[134 337],[176 362],[216 390]
1332,6.319673638722263e-05,6.49716809579448,1.0,1.0,2.437705805483775,[  0 276],[ 42 302],[ 88 321],[136 332],[175 362],[215 390]
1333,5.745157853383875e-05,6.51318681357297,1.0,1.0,2.363001580758985,[  0 276],[ 45 297],[ 91 316],[137 333],[176 364],[219 388]
1334,5.2228707758035225e-05,6.530602913397252,1.0,1.0,2.3639402245601753,[  0 276],[ 45 297],[ 91 316],[137 333],[179 359],[219 388]
1335,4.7480643416395656e-05,6.548769272042317,1.0,1.0,2.245702920706796,[  0 276],[ 45 297],[ 91 316],[137 333],[179 359],[222 383]
1336,4.316422128763241e-05,6.566005357290092,1.0,1.0,2.2462598881721654,[  0 276],[ 45 297],[ 91 316],[137 333],[182 354],[222 383]
1337,3.924020117057492e-05,6.582403334460315,1.0,1.0,2.128022584318786,[  0 276],[ 45 297],[ 91 316],[137 333],[182 354],[225 378]
1338,3.5672910155068106e-05,6.59642706832567,1.0,1.0,2.2012405855942747,[  0 276],[ 45 297],[ 91 316],[139 327],[181 352],[221 380]
1339,3.242991832278919e-05,6.6092908264767205,1.0,1.0,2.2012405855942747,[  0 276],[ 45 297],[ 91 316],[139 327],[181 352],[221 380]
1340,2.948174392980835e-05,6.621167029317817,1.0,1.0,2.0816782194913266,[  0 276],[ 45 297],[ 91 316],[139 327],[181 352],[224 375]
1341,2.6801585390734865e-05,6.630515058703008,1.0,1.0,2.176094661905876,[  0 276],[ 45 297],[ 93 310],[140 326],[179 356],[222 379]
1342,2.4365077627940786e-05,6.638785277458157,1.0,1.0,2.0732515461046264,[  0 276],[ 45 297],[ 93 310],[141 321],[180 351],[223 374]
1343,2.215007057085526e-05,6.644660995882465,1.0,1.0,2.0732515461046264,[  0 276],[ 45 297],[ 93 310],[141 321],[180 351],[223 374]
1344,2.01364277916866e-05,6.648371840637037,1.0,1.0,2.0732515461046264,[  0 276],[ 45 297],[ 93 310],[141 321],[180 351],[223 374]
1345,1.830584344698782e-05,6.650409897810591,1.0,1.0,2.074029028706083,[  0 276],[ 45 297],[ 93 310],[141 321],[183 346],[223 374]
1346,1.6641675860898018e-05,6.651526401300921,1.0,1.0,1.9550756696184266,[  0 276],[ 45 297],[ 93 310],[141 321],[180 351],[226 369]
1347,1.5128796237180015e-05,6.650313008643946,1.0,1.0,2.074029028706083,[  0 276],[ 45 297],[ 93 310],[141 321],[183 346],[223 374]
1348,1.3753451124709105e-05,6.647009606392184,1.0,1.0,2.074029028706083,[  0 276],[ 45 297],[ 93 310],[141 321],[183 346],[223 374]
1349,1.2503137386099186e-05,6.6421556180878065,1.0,1.0,2.074029028706083,[  0 276],[ 45 297],[ 93 310],[141 321],[183 346],[223 374]
1350,1.1366488532817442e-05,6.634358170657815,1.0,1.0,2.074029028706083,[  0 276],[ 45 297],[ 93 310],[141 321],[183 346],[223 374]
1351,1.0333171393470401e-05,6.623324828365241,1.0,1.0,2.074029028706083,[  0 276],[ 45 297],[ 93 310],[141 321],[183 346],[223 374]
1352,9.393792175882183e-06,6.608439274015063,1.0,1.0,2.0375263863666913,[  0 276],[ 45 297],[ 93 310],[140 326],[183 351],[227 374]
1353,8.539811068983802e-06,6.589449959799668,1.0,1.0,1.9544666626031353,[  0 276],[ 45 297],[ 93 310],[141 321],[183 346],[226 369]
1354,7.763464608167092e-06,6.566616016174457,1.0,1.0,1.9149350584216227,[  0 276],[ 45 297],[ 94 304],[141 320],[184 345],[228 368]
1355,7.05769509833372e-06,6.5397350878860125,1.0,1.0,1.9149350584216227,[  0 276],[ 45 297],[ 94 304],[141 320],[184 345],[228 368]
1356,6.416086453030654e-06,6.510787409501719,1.0,1.0,1.905334926418692,[  0 276],[ 45 297],[ 94 304],[141 320],[186 339],[227 367]
1357,5.832805866391504e-06,6.479822361492087,1.0,1.0,1.7878232809872467,[  0 276],[ 45 297],[ 94 304],[141 320],[186 339],[230 362]
1358,5.30255078762864e-06,6.447033236437901,1.0,1.0,1.7827181930425156,[  0 276],[ 47 291],[ 95 304],[142 320],[187 339],[231 362]
1359,4.820500716026036e-06,6.4115178173992975,1.0,1.0,1.7131889214972502,[  0 276],[ 45 297],[ 94 304],[142 315],[187 335],[230 358]
1360,4.382273378205488e-06,6.37257582285379,1.0,1.0,1.7131889214972502,[  0 276],[ 45 297],[ 94 304],[142 315],[187 335],[230 358]
1361,3.9838848892777165e-06,6.332149155567046,1.0,1.0,1.7136994581718672,[  0 276],[ 45 297],[ 94 304],[142 315],[184 340],[230 358]
1362,3.621713535707015e-06,6.289092250709996,1.0,1.0,1.7127028586659576,[  0 276],[ 45 297],[ 93 310],[142 315],[184 340],[230 358]
1363,3.292466850642741e-06,6.245033036920333,1.0,1.0,1.8362907861169357,[  0 276],[ 45 297],[ 93 310],[141 321],[183 346],[229 364]
1364,2.9931516824024917e-06,6.201747923111716,1.0,1.0,1.9049491540866672,[  0 276],[ 42 302],[ 91 309],[138 325],[181 350],[227 367]
1365,2.721046984002265e-06,6.160102787030911,1.0,1.0,1.9539711225049456,[  0 276],[ 42 302],[ 90 315],[138 326],[180 351],[226 369]
1366,2.4736790763656955e-06,6.120606419145617,1.0,1.0,2.0727560060064363,[  0 276],[ 42 302],[ 90 315],[138 326],[177 356],[223 374]
1367,2.2487991603324506e-06,6.086305362018824,1.0,1.0,2.068340554547567,[  0 276],[ 42 302],[ 91 309],[139 320],[178 350],[221 373]
1368,2.0443628730295006e-06,6.055045012710487,1.0,1.0,2.1711836703488174,[  0 276],[ 42 302],[ 91 309],[138 325],[177 355],[220 378]
1369,1.8585117027540914e-06,6.027951349361672,1.0,1.0,2.155038031798137,[  0 276],[ 45 297],[ 93 310],[140 326],[183 351],[224 379]
1370,1.6895560934128104e-06,6.004425414541277,1.0,1.0,2.0535033339608075,[  0 276],[ 45 297],[ 94 304],[141 320],[180 350],[223 373]
1371,1.5359600849207367e-06,5.982758305230756,1.0,1.0,2.0649927877141767,[  0 276],[ 45 297],[ 93 310],[137 332],[184 346],[224 374]
1372,1.3963273499279425e-06,5.96293771166221,1.0,1.0,2.032446703853068,[  0 276],[ 45 297],[ 94 304],[141 320],[184 345],[225 373]
1373,1.269388499934493e-06,5.944849721838346,1.0,1.0,1.9751792634960674,[  0 276],[ 45 297],[ 93 310],[142 309],[177 344],[220 368]
1374,1.1539895453949937e-06,5.928688539283374,1.0,1.0,1.9746821180006138,[  0 276],[ 45 297],[ 94 304],[143 309],[178 344],[221 368]
1375,1.0490814049045396e-06,5.914811287773112,1.0,1.0,2.074029028706083,[  0 276],[ 45 297],[ 93 310],[141 321],[183 346],[223 374]
1376,9.53710368095036e-07,5.904365067813117,1.0,1.0,1.9506602181595574,[  0 276],[ 45 297],[ 94 304],[142 315],[181 345],[224 368]
1377,8.670094255409418e-07,5.895486576373224,1.0,1.0,1.9496636186536478,[  0 276],[ 45 297],[ 93 310],[142 315],[181 345],[224 368]
1378,7.881903868554016e-07,5.8896221342142265,1.0,1.0,1.9496636186536478,[  0 276],[ 45 297],[ 93 310],[142 315],[181 345],[224 368]
1379,7.165367153230924e-07,5.886567351691654,1.0,1.0,1.9544666626031353,[  0 276],[ 45 297],[ 93 310],[141 321],[183 346],[226 369]
1380,6.51397013930084e-07,5.887080427686214,1.0,1.0,1.9544666626031353,[  0 276],[ 45 297],[ 93 310],[141 321],[183 346],[226 369]
1381,5.921791035728036e-07,5.890837011423621,1.0,1.0,1.9514377007610149,[  0 276],[ 45 297],[ 94 304],[142 315],[184 340],[224 368]
1382,5.383446396116397e-07,5.897493972674751,1.0,1.0,1.9504411012551053,[  0 276],[ 45 297],[ 93 310],[142 315],[184 340],[224 368]
1383,4.894042178287634e-07,5.906787640756541,1.0,1.0,1.9504411012551053,[  0 276],[ 45 297],[ 93 310],[142 315],[184 340],[224 368]
1384,4.449129252988758e-07,5.916793025128233,1.0,1.0,1.9553426155452671,[  0 276],[ 45 297],[ 93 310],[141 321],[186 341],[226 369]
1385,4.0446629572625074e-07,5.9265760126678435,1.0,1.0,1.9553426155452671,[  0 276],[ 45 297],[ 93 310],[141 321],[186 341],[226 369]
1386,3.6769663247840977e-07,5.935488339881676,1.0,1.0,1.9553426155452671,[  0 276],[ 45 297],[ 93 310],[141 321],[186 341],[226 369]
1387,3.342696658894634e-07,5.941989363842508,1.0,1.0,1.9553426155452671,[  0 276],[ 45 297],[ 93 310],[141 321],[186 341],[226 369]
1388,3.0388151444496677e-07,5.946358504638687,1.0,1.0,1.909860145643726,[  0 276],[ 45 297],[ 93 310],[140 326],[183 351],[229 368]
1389,2.762559222226971e-07,5.946766948207418,1.0,1.0,1.9249987351894209,[  0 276],[ 42 302],[ 91 309],[138 325],[177 355],[225 367]
1390,2.511417474751792e-07,5.944001361043417,1.0,1.0,1.9447469473332393,[  0 276],[ 42 302],[ 90 315],[138 326],[177 356],[225 368]
1391,2.2831067952289015e-07,5.9400041492584945,1.0,1.0,1.9962094232765866,[  0 276],[ 42 302],[ 88 321],[134 338],[176 364],[225 371]
1392,2.075551632026274e-07,5.935432365393507,1.0,1.0,2.2076273372176143,[  0 276],[ 38 307],[ 85 321],[131 339],[173 366],[220 380]
1393,1.8868651200238853e-07,5.933665025062126,1.0,1.0,2.3111268357931873,[  0 276],[ 42 302],[ 90 315],[134 337],[173 367],[219 385]
1394,1.7153319272944411e-07,5.9366394552921955,1.0,1.0,2.3111268357931873,[  0 276],[ 42 302],[ 90 315],[134 337],[173 367],[219 385]
1395,1.5593926611767648e-07,5.94393136528943,1.0,1.0,2.3111268357931873,[  0 276],[ 42 302],[ 90 315],[134 337],[173 367],[219 385]
1396,1.417629691978877e-07,5.953793526292649,1.0,1.0,2.310838499341278,[  0 276],[ 42 302],[ 90 315],[139 320],[170 359],[213 382]
1397,1.2887542654353427e-07,5.96767064922078,1.0,1.0,2.2937749982938858,[  0 276],[ 42 302],[ 90 315],[137 331],[176 361],[219 384]
1398,1.1715947867594024e-07,5.984978643423267,1.0,1.0,2.2727183681861467,[  0 276],[ 42 302],[ 90 315],[137 331],[180 356],[221 384]
1399,1.065086169781275e-07,6.005118475646425,1.0,1.0,2.320025469095765,[  0 276],[ 45 297],[ 91 316],[139 327],[178 357],[218 385]
1400,9.682601543466136e-08,6.028412306846922,1.0,1.0,2.200463102992817,[  0 276],[ 45 297],[ 91 316],[139 327],[178 357],[221 380]
1401,8.802365039514669e-08,6.052943013943597,1.0,1.0,2.31883200219625,[  0 276],[ 45 297],[ 91 316],[139 327],[181 352],[218 385]
1402,8.002150035922426e-08,6.080253579051056,1.0,1.0,2.2012405855942747,[  0 276],[ 45 297],[ 91 316],[139 327],[181 352],[221 380]
1403,7.274681850838569e-08,6.108501358480643,1.0,1.0,2.2012405855942747,[  0 276],[ 45 297],[ 91 316],[139 327],[181 352],[221 380]
1404,6.613347137125972e-08,6.1376011509303465,1.0,1.0,2.2012405855942747,[  0 276],[ 45 297],[ 91 316],[139 327],[181 352],[221 380]
1405,6.01213376102361e-08,6.167408661839837,1.0,1.0,2.2012405855942747,[  0 276],[ 45 297],[ 91 316],[139 327],[181 352],[221 380]
1406,5.4655761463851e-08,6.197859553167315,1.0,1.0,2.082287226506618,[  0 276],[ 45 297],[ 91 316],[139 327],[178 357],[224 375]
1407,4.968705587622818e-08,6.227273244523586,1.0,1.0,2.200463102992817,[  0 276],[ 45 297],[ 91 316],[139 327],[178 357],[221 380]
1408,4.5170050796571075e-08,6.257355516039935,1.0,1.0,2.200463102992817,[  0 276],[ 45 297],[ 91 316],[139 327],[178 357],[221 380]
1409,4.106368254233734e-08,6.288665803200467,1.0,1.0,2.192341952291696,[  0 276],[ 42 302],[ 90 315],[134 337],[176 362],[222 380]
1410,3.7330620493033946e-08,6.3207752899432545,1.0,1.0,2.201362636117261,[  0 276],[ 45 297],[ 91 316],[135 338],[180 358],[223 381]
1411,3.393692772093995e-08,6.353465037283753,1.0,1.0,2.201362636117261,[  0 276],[ 45 297],[ 91 316],[135 338],[180 358],[223 381]
1412,3.0851752473581776e-08,6.385980533222942,1.0,1.0,2.201362636117261,[  0 276],[ 45 297],[ 91 316],[135 338],[180 358],[223 381]
1413,2.804704770325616e-08,6.415454647243564,1.0,1.0,2.224485002833874,[  0 276],[ 45 297],[ 91 316],[140 321],[175 356],[218 380]
1414,2.5497316093869235e-08,6.441067816812866,1.0,1.0,2.224485002833874,[  0 276],[ 45 297],[ 91 316],[140 321],[175 356],[218 380]
1415,2.317937826715385e-08,6.463171036880968,1.0,1.0,2.176094661905876,[  0 276],[ 45 297],[ 93 310],[140 326],[179 356],[222 379]
1416,2.1072162061048954e-08,6.481423525480778,1.0,1.0,2.176094661905876,[  0 276],[ 45 297],[ 93 310],[140 326],[179 356],[222 379]
1417,1.9156510964589957e-08,6.496179280970124,1.0,1.0,2.0732515461046264,[  0 276],[ 45 297],[ 93 310],[141 321],[180 351],[223 374]
1418,1.7415009967809053e-08,6.506586466157858,1.0,1.0,2.0375263863666913,[  0 276],[ 45 297],[ 93 310],[140 326],[183 351],[227 374]
1419,1.5831827243462776e-08,6.512840380212805,1.0,1.0,2.028094945320325,[  0 276],[ 42 302],[ 90 315],[137 331],[182 350],[226 373]
1420,1.4392570221329796e-08,6.514544885847637,1.0,1.0,1.9456464804576832,[  0 276],[ 42 302],[ 90 315],[134 337],[179 357],[227 369]
1421,1.308415474666345e-08,6.512619664299278,1.0,1.0,2.118800751221655,[  0 276],[ 42 302],[ 88 321],[134 338],[176 364],[224 377]
1422,1.1894686133330408e-08,6.508141764014752,1.0,1.0,2.2008670960190715,[  0 276],[ 42 302],[ 88 321],[132 343],[177 363],[223 381]
1423,1.081335103030037e-08,6.5040658525346124,1.0,1.0,2.3195724331622483,[  0 276],[ 42 302],[ 88 321],[129 348],[174 368],[220 386]
1424,9.830319118454883e-09,6.501974094564958,1.0,1.0,2.3195724331622483,[  0 276],[ 42 302],[ 88 321],[129 348],[174 368],[220 386]
1425,8.936653744049894e-09,6.5016861125139265,1.0,1.0,2.4280766763355173,[  0 276],[ 42 302],[ 90 315],[128 347],[173 367],[216 390]
1426,8.124230676408994e-09,6.504517530068551,1.0,1.0,2.4806819171469945,[  0 276],[ 42 302],[ 88 321],[134 338],[173 369],[216 393]
1427,7.385664251280904e-09,6.512524200899668,1.0,1.0,2.4806819171469945,[  0 276],[ 42 302],[ 88 321],[134 338],[173 369],[216 393]
1428,6.714240228437185e-09,6.523624158211878,1.0,1.0,2.4806819171469945,[  0 276],[ 42 302],[ 88 321],[134 338],[173 369],[216 393]
1429,6.103854753124713e-09,6.537536194143263,1.0,1.0,2.5769125395714214,[  0 276],[ 42 302],[ 90 315],[134 337],[169 372],[212 396]
1430,5.548958866477012e-09,6.555427643907426,1.0,1.0,2.5769125395714214,[  0 276],[ 42 302],[ 90 315],[134 337],[169 372],[212 396]
1431,5.044508060433647e-09,6.5768137332855865,1.0,1.0,2.5488650783823346,[  0 276],[ 42 302],[ 90 315],[134 337],[173 367],[213 395]
1432,4.5859164185760425e-09,6.600994302387528,1.0,1.0,2.528548162487246,[  0 276],[ 42 302],[ 90 315],[137 331],[172 365],[212 393]
1433,4.169014925978221e-09,6.627438258748884,1.0,1.0,2.530928780998809,[  0 276],[ 42 302],[ 90 315],[137 331],[176 361],[213 394]
1434,3.7900135690711095e-09,6.655656997870548,1.0,1.0,2.528548162487246,[  0 276],[ 42 302],[ 90 315],[137 331],[172 365],[212 393]
1435,3.4454668809737358e-09,6.685456712885516,1.0,1.0,2.426194204078952,[  0 276],[ 42 302],[ 91 309],[132 336],[174 361],[214 389]
1436,3.1322426190670325e-09,6.715957811201483,1.0,1.0,2.481620560948185,[  0 276],[ 42 302],[ 88 321],[134 338],[176 364],[216 393]
1437,2.8474932900609384e-09,6.747852344657485,1.0,1.0,2.481620560948185,[  0 276],[ 42 302],[ 88 321],[134 338],[176 364],[216 393]
1438,2.588630263691762e-09,6.782416043456262,1.0,1.0,2.4812388846123645,[  0 276],[ 45 297],[ 91 316],[137 333],[176 364],[216 393]
1439,2.353300239719784e-09,6.819888212794864,1.0,1.0,2.4813111735451345,[  0 276],[ 45 297],[ 88 321],[134 338],[176 364],[216 393]
1440,2.1393638542907127e-09,6.860134042578477,1.0,1.0,2.4300801948808437,[  0 276],[ 42 302],[ 90 315],[134 337],[176 362],[216 390]
1441,1.944876231173375e-09,6.903327074851169,1.0,1.0,2.4812388846123645,[  0 276],[ 45 297],[ 91 316],[137 333],[176 364],[216 393]
1442,1.7680693010667047e-09,6.947535806008943,1.0,1.0,2.452146305836918,[  0 276],[ 45 297],[ 91 316],[135 338],[180 358],[216 391]
1443,1.6073357282424587e-09,6.991152096286254,1.0,1.0,2.4426150853367363,[  0 276],[ 42 302],[ 90 315],[134 337],[179 357],[215 390]
1444,1.4612142984022352e-09,7.0324811236134614,1.0,1.0,2.4426150853367363,[  0 276],[ 42 302],[ 90 315],[134 337],[179 357],[215 390]
1445,1.3283766349111229e-09,7.071730820986029,1.0,1.0,2.342722306687253,[  0 276],[ 45 297],[ 91 316],[140 321],[175 356],[215 385]
1446,1.2076151226464752e-09,7.106248440829524,1.0,1.0,2.3639402245601753,[  0 276],[ 45 297],[ 91 316],[137 333],[179 359],[219 388]
1447,1.097831929678614e-09,7.136036163061062,1.0,1.0,2.320025469095765,[  0 276],[ 45 297],[ 91 316],[139 327],[178 357],[218 385]
1448,9.98029026980558e-10,7.160925140798126,1.0,1.0,2.31883200219625,[  0 276],[ 45 297],[ 91 316],[139 327],[181 352],[218 385]
1449,9.072991154368709e-10,7.181344439900673,1.0,1.0,2.200463102992817,[  0 276],[ 45 297],[ 91 316],[139 327],[178 357],[221 380]
1450,8.248173776698826e-10,7.194774037676918,1.0,1.0,2.224485002833874,[  0 276],[ 45 297],[ 91 316],[140 321],[175 356],[218 380]
1451,7.498339796998933e-10,7.2021769328816285,1.0,1.0,2.224485002833874,[  0 276],[ 45 297],[ 91 316],[140 321],[175 356],[218 380]
1452,6.816672542726303e-10,7.204483472946613,1.0,1.0,2.200463102992817,[  0 276],[ 45 297],[ 91 316],[139 327],[178 357],[221 380]
1453,6.196975038842093e-10,7.2021064403762205,1.0,1.0,2.1755991218076867,[  0 276],[ 42 302],[ 90 315],[137 331],[176 361],[222 379]
1454,5.63361367167463e-10,7.1951000972323484,1.0,1.0,2.2149537823336924,[  0 276],[ 42 302],[ 90 315],[139 320],[174 355],[217 379]
1455,5.121466974249664e-10,7.184454407372189,1.0,1.0,2.16821859195303,[  0 276],[ 42 302],[ 91 309],[138 325],[173 359],[219 377]
1456,4.6558790674996947e-10,7.171258658243054,1.0,1.0,2.215950381839602,[  0 276],[ 42 302],[ 91 309],[139 320],[174 355],[217 379]
1457,4.2326173340906313e-10,7.155639747501451,1.0,1.0,2.07887061571137,[  0 276],[ 42 302],[ 90 315],[139 320],[174 355],[220 373]
1458,3.847833940082392e-10,7.135948693028582,1.0,1.0,2.0530077938626174,[  0 276],[ 42 302],[ 91 309],[138 325],[177 355],[223 373]
1459,3.4980308546203565e-10,7.112208219543023,1.0,1.0,2.0326153948096324,[  0 276],[ 42 302],[ 91 309],[138 325],[181 350],[225 373]
1460,3.1800280496548695e-10,7.084507392118849,1.0,1.0,1.9459746022360447,[  0 276],[ 45 297],[ 94 292],[135 319],[174 349],[220 367]
1461,2.890934590595336e-10,7.052723381833534,1.0,1.0,1.9501646780613677,[  0 276],[ 42 302],[ 91 309],[139 320],[178 350],[224 368]
1462,2.628122355086669e-10,7.01658690603028,1.0,1.0,1.9453655952207536,[  0 276],[ 45 297],[ 94 292],[135 319],[177 344],[220 367]
1463,2.389202140987881e-10,6.976824918337102,1.0,1.0,1.9149350584216227,[  0 276],[ 45 297],[ 94 304],[141 320],[184 345],[228 368]
1464,2.172001946352619e-10,6.933482020067188,1.0,1.0,1.8362907861169357,[  0 276],[ 45 297],[ 93 310],[141 321],[183 346],[229 364]
1465,1.9745472239569262e-10,6.885811326650632,1.0,1.0,1.8362907861169357,[  0 276],[ 45 297],[ 93 310],[141 321],[183 346],[229 364]
1466,1.7950429308699328e-10,6.835568448264168,1.0,1.0,1.708281727443739,[  0 276],[ 45 297],[ 93 310],[141 321],[183 346],[231 358]
1467,1.631857209881757e-10,6.780952306588523,1.0,1.0,1.716806871171114,[  0 276],[ 45 297],[ 91 316],[139 327],[184 347],[232 359]
1468,1.4835065544379608e-10,6.723075560548054,1.0,1.0,1.8094071675275385,[  0 276],[ 42 302],[ 90 315],[137 331],[184 345],[230 363]
1469,1.348642322216328e-10,6.663513634583963,1.0,1.0,1.8300373946129933,[  0 276],[ 42 302],[ 88 321],[136 332],[178 357],[227 363]
1470,1.2260384747421163e-10,6.604315169502338,1.0,1.0,1.9531736207199404,[  0 276],[ 42 302],[ 88 321],[136 332],[178 357],[226 369]
1471,1.1145804315837421e-10,6.546798682399307,1.0,1.0,2.027540482031736,[  0 276],[ 42 302],[ 90 315],[137 331],[180 356],[226 373]
1472,1.0132549378034018e-10,6.4918253597492495,1.0,1.0,1.9447469473332393,[  0 276],[ 42 302],[ 90 315],[138 326],[177 356],[225 368]
1473,9.211408525485471e-11,6.438362573399294,1.0,1.0,1.9539711225049456,[  0 276],[ 42 302],[ 90 315],[138 326],[180 351],[226 369]
1474,8.374007750441338e-11,6.386737840363388,1.0,1.0,2.0375263863666913,[  0 276],[ 45 297],[ 93 310],[140 326],[183 351],[227 374]
1475,7.612734318583035e-11,6.337386800385741,1.0,1.0,1.951559751284001,[  0 276],[ 45 297],[ 94 304],[138 326],[183 346],[226 369]
1476,6.920667562348214e-11,6.289567779851485,1.0,1.0,1.951559751284001,[  0 276],[ 45 297],[ 94 304],[138 326],[183 346],[226 369]
1477,6.291515965771103e-11,6.242490616221858,1.0,1.0,1.9544666626031353,[  0 276],[ 45 297],[ 93 310],[141 321],[183 346],[226 369]
1478,5.719559968882821e-11,6.197996777197993,1.0,1.0,1.7872688176986573,[  0 276],[ 45 297],[ 94 304],[141 320],[184 345],[230 362]
1479,5.1995999717116554e-11,6.153924119319517,1.0,1.0,1.708281727443739,[  0 276],[ 45 297],[ 93 310],[141 321],[183 346],[231 358]
1480,4.726909065192414e-11,6.109435334875004,1.0,1.0,1.6540277105915093,[  0 276],[ 45 297],[ 93 310],[140 326],[185 345],[233 356]
1481,4.2971900592658307e-11,6.065009891403021,1.0,1.0,1.5895953142829227,[  0 276],[ 45 297],[ 93 310],[141 321],[186 341],[234 353]
1482,3.9065364175143914e-11,6.019706269649693,1.0,1.0,1.5895953142829227,[  0 276],[ 45 297],[ 93 310],[141 321],[186 341],[234 353]
1483,3.551396743194901e-11,5.973669746042971,1.0,1.0,1.608310787300632,[  0 276],[ 45 297],[ 93 310],[141 321],[188 336],[234 354]
1484,3.228542493813546e-11,5.927637120885209,1.0,1.0,1.4660073868319443,[  0 276],[ 45 297],[ 93 310],[142 315],[187 335],[235 347]
1485,2.9350386307395874e-11,5.880739960751541,1.0,1.0,1.4857194593555632,[  0 276],[ 45 297],[ 94 304],[142 315],[189 330],[235 348]
1486,2.6682169370359886e-11,5.833325660719641,1.0,1.0,1.3434160588868758,[  0 276],[ 45 297],[ 94 304],[143 309],[188 329],[236 341]
1487,2.425651760941808e-11,5.785246310664866,1.0,1.0,1.3059289884831313,[  0 276],[ 45 297],[ 94 298],[142 308],[191 316],[235 339]
1488,2.2051379644925526e-11,5.735934930396598,1.0,1.0,1.2212127360246057,[  0 276],[ 45 297],[ 94 298],[143 303],[190 317],[236 335]
1489,2.0046708768114114e-11,5.683085569723133,1.0,1.0,0.9711094949017937,[  0 276],[ 45 297],[ 94 298],[143 297],[190 311],[238 323]
1490,1.822428069828556e-11,5.623328043205738,1.0,1.0,0.9524620278838604,[  0 276],[ 45 297],[ 94 298],[143 297],[192 305],[238 322]
1491,1.6567527907532328e-11,5.555356951923979,1.0,1.0,0.8496177709841679,[  0 276],[ 45 297],[ 94 298],[143 291],[190 305],[238 317]
1492,1.506138900684757e-11,5.477502468335367,1.0,1.0,0.7022496463483937,[  0 276],[ 45 297],[ 94 298],[143 291],[192 299],[240 310]
1493,1.3692171824406882e-11,5.389782520059563,1.0,1.0,0.6038902169321523,[  0 276],[ 45 297],[ 94 298],[142 285],[189 299],[238 305]
1494,1.2447428931278984e-11,5.291626918369203,1.0,1.0,0.5976855249599784,[  0 276],[ 47 291],[ 96 298],[144 285],[191 299],[240 305]
1495,1.1315844482980894e-11,5.182760359631511,1.0,1.0,0.6038902169321523,[  0 276],[ 45 297],[ 94 298],[142 285],[189 299],[238 305]
1496,1.028713134816445e-11,5.065413448946994,1.0,1.0,0.5987851289874213,[  0 276],[ 47 291],[ 96 292],[145 285],[192 299],[241 305]
1497,9.351937589240409e-12,4.940287512566115,1.0,1.0,0.5987851289874213,[  0 276],[ 47 291],[ 96 292],[145 285],[192 299],[241 305]
1498,8.501761444764008e-12,4.808050094943285,1.0,1.0,0.574553230458594,[  0 276],[ 47 291],[ 96 292],[145 285],[194 293],[242 304]
1499,7.728874040694552e-12,4.67129723000562,1.0,1.0,0.5993300271492995,[  0 276],[ 47 291],[ 96 292],[144 279],[191 293],[239 305]
1500,7.0262491279041384e-12,4.5318543750582725,1.0,1.0,0.6049144586601934,[  0 276],[ 47 291],[ 96 292],[144 279],[189 299],[238 305]
1501,6.3874992071855806e-12,4.390782053488894,1.0,1.0,0.574553230458594,[  0 276],[ 47 291],[ 96 292],[145 285],[194 293],[242 304]
1502,5.8068174610778e-12,4.248693005464581,1.0,1.0,0.5946394411706385,[  0 276],[ 49 285],[ 98 286],[147 279],[194 293],[242 305]
1503,5.278924964616182e-12,4.105953563536402,1.0,1.0,0.515421410541711,[  0 276],[ 47 291],[ 96 286],[145 278],[194 285],[241 301]
1504,4.79902269510562e-12,3.9612873975549814,1.0,1.0,0.51073082456305,[  0 276],[ 49 285],[ 98 280],[147 272],[195 285],[242 301]
1505,4.3627479046414725e-12,3.8167462026318413,1.0,1.0,0.326189089319445,[  0 276],[ 49 285],[ 98 286],[144 267],[193 275],[239 292]
1506,3.966134458764975e-12,3.669533338564858,1.0,1.0,0.21444156086182353,[  0 276],[ 45 297],[ 93 286],[139 267],[188 269],[234 286]
1507,3.605576780695432e-12,3.5203083553490764,1.0,1.0,0.08572090324398271,[  0 276],[ 45 297],[ 93 286],[139 267],[188 269],[236 280]
1508,3.2777970733594835e-12,3.368010078536014,1.0,1.0,-0.036524823929753675,[  0 276],[ 45 297],[ 93 286],[139 267],[188 263],[236 274]
1509,0.0033204385420483313,3.212406132888398,1.0,1.0,-0.033286819549153496,[  0 276],[ 47 291],[ 96 286],[144 273],[193 263],[241 274]
1510,0.009365093536308227,3.057251687102598,1.0,1.0,-0.16049837643734496,[  0 276],[ 47 291],[ 96 286],[142 267],[191 257],[239 268]
1511,0.02945099593448495,2.9010254581474904,1.0,1.0,-0.18102658232998672,[  0 276],[ 47 291],[ 95 280],[144 272],[191 256],[239 267]
1512,0.06416786923555348,2.7449473724612905,1.0,1.0,-0.40990334972014686,[  0 276],[ 47 291],[ 95 280],[141 261],[190 257],[239 256]
1513,0.1329926040292655,2.5878924809819925,1.0,1.0,-0.2841566609238614,[  0 276],[ 49 285],[ 98 280],[146 267],[195 257],[244 262]
1514,0.22139296847117293,2.433005576757321,1.0,1.0,-0.3219249688240768,[  0 276],[ 47 291],[ 94 274],[142 260],[191 267],[240 260]
1515,0.3310228424023685,2.2796591570923828,1.0,1.0,-0.3214600147717977,[  0 276],[ 47 291],[ 94 274],[143 266],[192 267],[241 260]
1516,0.4599100018645279,2.1276349087828397,1.0,1.0,-0.4440513427168663,[  0 276],[ 47 291],[ 94 274],[143 266],[192 267],[240 254]
1517,0.6174484507134788,1.9752105493418328,1.0,1.0,-0.3214600147717977,[  0 276],[ 47 291],[ 94 274],[143 266],[192 267],[241 260]
1518,0.7898888601008702,1.82409415243511,1.0,1.0,-0.34765886587957723,[  0 276],[ 49 285],[ 97 274],[145 260],[194 255],[243 259]
1519,0.9782582200784604,1.6741399902971141,1.0,1.0,-0.3271127002981913,[  0 276],[ 49 285],[ 96 268],[144 254],[193 255],[242 260]
1520,1.179240610994287,1.5251847147973794,1.0,1.0,-0.34636376694655635,[  0 276],[ 49 285],[ 96 268],[144 254],[192 243],[239 259]
1521,1.3285547791001922,1.3767988521757104,1.0,1.0,-0.40443238451964725,[  0 276],[ 49 285],[ 96 268],[142 249],[191 239],[237 256]
1522,1.41206282006387,1.2285528095881262,1.0,1.0,-0.673310905397473,[  0 276],[ 49 285],[ 96 268],[145 260],[187 233],[235 244]
1523,1.4339210899244283,1.0764934479643935,1.0,1.0,-0.6757754304797449,[  0 276],[ 49 285],[ 96 268],[145 260],[192 244],[241 243]
1524,1.4069357524756896,0.9220140713834349,1.0,1.0,-0.8256251847378706,[  0 276],[ 47 291],[ 91 269],[139 255],[187 244],[236 236]
1525,1.3359735525620133,0.7633552380011873,1.0,1.0,-0.9323341824650209,[  0 276],[ 49 285],[ 93 262],[141 248],[188 232],[237 231]
1526,1.2418089081569037,0.6019582539475377,1.0,1.0,-1.0538259063826467,[  0 276],[ 49 285],[ 93 262],[141 248],[188 232],[237 225]
1527,1.1367099986193654,0.4379391666181588,1.0,1.0,-1.115582309810361,[  0 276],[ 49 285],[ 96 268],[142 249],[187 228],[236 222]
1528,1.0333727260176049,0.2724494979588915,1.0,1.0,-1.1663238795236506,[  0 276],[ 49 279],[ 96 262],[144 248],[189 226],[238 219]
1529,0.9394297509250953,0.10659799387418631,1.0,1.0,-1.282942084536308,[  0 276],[ 49 279],[ 96 262],[144 248],[186 221],[235 214]
1530,0.8540270462955412,-0.061216854361734185,1.0,1.0,-1.2360829771610717,[  0 276],[ 49 279],[ 96 262],[142 243],[187 222],[236 216]
1531,0.7763882239050374,-0.22844287004062178,1.0,1.0,-1.2360829771610717,[  0 276],[ 49 279],[ 96 262],[142 243],[187 222],[236 216]
1532,0.7058074762773067,-0.39485365331457983,1.0,1.0,-1.2360829771610717,[  0 276],[ 49 279],[ 96 262],[142 243],[187 222],[236 216]
1533,0.641643160252097,-0.5574022693923726,1.0,1.0,-1.3908479147654043,[  0 276],[ 49 279],[ 96 262],[142 243],[184 216],[233 209]
1534,0.5833119638655427,-0.7202649829245689,1.0,1.0,-1.3214397471018533,[  0 276],[ 49 279],[ 96 262],[139 237],[186 220],[235 212]
1535,0.5302836035141297,-0.8819517422030805,1.0,1.0,-1.3214397471018533,[  0 276],[ 49 279],[ 96 262],[139 237],[186 220],[235 212]
1536,0.48207600319466337,-1.0425757924425918,1.0,1.0,-1.42351728148409,[  0 276],[ 49 279],[ 93 256],[141 242],[186 220],[234 207]
1537,0.43825091199514854,-1.2019540100071553,1.0,1.0,-1.42351728148409,[  0 276],[ 49 279],[ 93 256],[141 242],[186 220],[234 207]
1538,0.39840991999558956,-1.3618713523391988,1.0,1.0,-1.4175441585516788,[  0 276],[ 49 279],[ 93 256],[141 242],[183 215],[232 208]
1539,0.36219083635962684,-1.5218400993593124,1.0,1.0,-1.5401354864967474,[  0 276],[ 49 279],[ 93 256],[141 242],[183 215],[231 202]
1540,0.32926439669056984,-1.6838074528257596,1.0,1.0,-1.5401354864967474,[  0 276],[ 49 279],[ 93 256],[141 242],[183 215],[231 202]
1541,0.29933126971869983,-1.8473292066982143,1.0,1.0,-1.549850512817253,[  0 276],[ 49 279],[ 93 256],[139 236],[184 214],[232 201]
1542,0.27211933610790895,-2.011604684695413,1.0,1.0,-1.6731796073673915,[  0 276],[ 49 285],[ 93 262],[139 242],[181 215],[227 196]
1543,0.2473812146435536,-2.1745806015379108,1.0,1.0,-1.6731796073673915,[  0 276],[ 49 285],[ 93 262],[139 242],[181 215],[227 196]
1544,0.22489201331232145,-2.3363414919886494,1.0,1.0,-1.6589599265823334,[  0 276],[ 49 279],[ 96 262],[139 237],[184 215],[230 196]
1545,0.20444728482938312,-2.4947605025144726,1.0,1.0,-1.6731796073673915,[  0 276],[ 49 285],[ 93 262],[139 242],[181 215],[227 196]
1546,0.18586116802671193,-2.6488802224229806,1.0,1.0,-1.6642081845974401,[  0 276],[ 49 285],[ 93 262],[139 242],[184 220],[228 196]
1547,0.16896469820610177,-2.7973124534063714,1.0,1.0,-1.556561402354734,[  0 276],[ 49 285],[ 93 262],[139 242],[184 220],[230 201]
1548,0.15360427109645616,-2.938264196471423,1.0,1.0,-1.5838310630695815,[  0 276],[ 49 285],[ 93 262],[139 242],[186 225],[229 200]
1549,0.13964024645132378,-3.072095424488005,1.0,1.0,-1.5477398164530163,[  0 276],[ 49 285],[ 90 257],[138 243],[183 221],[229 202]
1550,0.12694567859211253,-3.197371055392853,1.0,1.0,-1.4112755734586129,[  0 276],[ 49 285],[ 93 262],[141 248],[188 232],[232 208]
1551,0.11540516235646593,-3.3136469825285904,1.0,1.0,-1.2983208551622945,[  0 276],[ 47 291],[ 91 269],[134 244],[182 233],[228 214]
1552,0.10491378396042357,-3.4202010691701865,1.0,1.0,-1.2983208551622945,[  0 276],[ 47 291],[ 91 269],[134 244],[182 233],[228 214]
1553,0.0953761672367487,-3.517917118998927,1.0,1.0,-1.3409979008441588,[  0 276],[ 49 285],[ 93 262],[139 242],[186 225],[234 211]
1554,0.08670560657886245,-3.606070118653401,1.0,1.0,-1.321611600746323,[  0 276],[ 49 279],[ 97 268],[140 243],[187 226],[235 212]
1555,0.07882327870805678,-3.686211552707166,1.0,1.0,-1.4196348191460368,[  0 276],[ 49 285],[ 93 262],[141 248],[183 221],[231 208]
1556,0.07165752609823343,-3.7604064255566456,1.0,1.0,-1.4196348191460368,[  0 276],[ 49 285],[ 93 262],[141 248],[183 221],[231 208]
1557,0.06514320554384857,-3.827803367297017,1.0,1.0,-1.5468463760342284,[  0 276],[ 49 285],[ 93 262],[141 248],[183 221],[229 202]
1558,0.05922109594895325,-3.890755074713948,1.0,1.0,-1.5468463760342284,[  0 276],[ 49 285],[ 93 262],[141 248],[183 221],[229 202]
1559,0.053837359953593865,-3.9497471116950105,1.0,1.0,-1.556561402354734,[  0 276],[ 49 285],[ 93 262],[139 242],[184 220],[230 201]
1560,0.04894305450326715,-4.003600225984949,1.0,1.0,-1.6731796073673915,[  0 276],[ 49 285],[ 93 262],[139 242],[181 215],[227 196]
1561,0.04449368591206104,-4.054371840624038,1.0,1.0,-1.6643580214656737,[  0 276],[ 49 285],[ 90 257],[138 243],[180 216],[226 197]
1562,0.04044880537460095,-4.102089319959324,1.0,1.0,-1.7808263896100975,[  0 276],[ 49 285],[ 93 262],[139 242],[181 215],[225 191]
1563,0.03677164124963723,-4.146936757294713,1.0,1.0,-1.7666067088250395,[  0 276],[ 49 279],[ 96 262],[139 237],[184 215],[228 191]
1564,0.03342876477239748,-4.1889811608013074,1.0,1.0,-1.7482975818413704,[  0 276],[ 49 279],[ 96 262],[142 243],[184 216],[228 192]
1565,0.030389786156724982,-4.2284215865608346,1.0,1.0,-1.7815069674941755,[  0 276],[ 49 274],[ 97 264],[141 240],[183 214],[227 191]
1566,0.027627078324295437,-4.265753710343952,1.0,1.0,-1.7673974335402156,[  0 276],[ 49 274],[ 96 258],[142 240],[185 214],[229 191]
1567,0.025115525749359487,-4.301099130814187,1.0,1.0,-1.7673974335402156,[  0 276],[ 49 274],[ 96 258],[142 240],[185 214],[229 191]
1568,0.022832296135781353,-4.336106368030566,1.0,1.0,-1.7666067088250395,[  0 276],[ 49 279],[ 96 262],[139 237],[184 215],[228 191]
1569,0.020756632850710322,-4.370423524305758,1.0,1.0,-1.7482975818413704,[  0 276],[ 49 279],[ 96 262],[142 243],[184 216],[228 192]
1570,0.018869666227918476,-4.404355817720319,1.0,1.0,-1.7482975818413704,[  0 276],[ 49 279],[ 96 262],[142 243],[184 216],[228 192]
1571,0.017154242025380434,-4.439799111847867,1.0,1.0,-1.686229587297181,[  0 276],[ 49 279],[ 96 262],[139 237],[186 220],[229 195]
1572,0.015594765477618577,-4.477309952856568,1.0,1.0,-1.6406507995986643,[  0 276],[ 49 279],[ 96 262],[142 243],[184 216],[230 197]
1573,0.014177059525107796,-4.516078853015883,1.0,1.0,-1.6638266311061658,[  0 276],[ 49 274],[ 97 264],[141 240],[186 219],[230 196]
1574,0.012888235931916178,-4.555725517664288,1.0,1.0,-1.6446729277146777,[  0 276],[ 49 274],[ 97 264],[143 246],[186 220],[230 197]
1575,0.011716578119923798,-4.596173321803315,1.0,1.0,-1.669373134188816,[  0 276],[ 49 274],[ 96 258],[144 245],[186 219],[230 196]
1576,0.01065143465447618,-4.63634957531665,1.0,1.0,-1.669373134188816,[  0 276],[ 49 274],[ 96 258],[144 245],[186 219],[230 196]
1577,0.009683122413160163,-4.676278964624811,1.0,1.0,-1.669373134188816,[  0 276],[ 49 274],[ 96 258],[144 245],[186 219],[230 196]
1578,0.00880283855741833,-4.714249228879793,1.0,1.0,-1.661300359255185,[  0 276],[ 49 279],[ 96 262],[144 248],[182 216],[228 197]
1579,0.008002580506743937,-4.750328387064608,1.0,1.0,-1.6642081845974401,[  0 276],[ 49 285],[ 93 262],[139 242],[184 220],[228 196]
1580,0.007275073187949034,-4.784595532445022,1.0,1.0,-1.6642081845974401,[  0 276],[ 49 285],[ 93 262],[139 242],[184 220],[228 196]
1581,0.006613702898135485,-4.815625145207626,1.0,1.0,-1.5838310630695815,[  0 276],[ 49 285],[ 93 262],[139 242],[186 225],[229 200]
1582,0.006012457180123169,-4.842735789195501,1.0,1.0,-1.556561402354734,[  0 276],[ 49 285],[ 93 262],[139 242],[184 220],[230 201]
1583,0.0054658701637483355,-4.86432367026736,1.0,1.0,-1.5838310630695815,[  0 276],[ 49 285],[ 93 262],[139 242],[186 225],[229 200]
1584,0.004968972876134851,-4.8814566215269295,1.0,1.0,-1.5838310630695815,[  0 276],[ 49 285],[ 93 262],[139 242],[186 225],[229 200]
1585,0.004517248069213501,-4.894789306506923,1.0,1.0,-1.5644447629717457,[  0 276],[ 49 279],[ 96 262],[139 237],[187 226],[230 201]
1586,0.004106589153830455,-4.90394999006343,1.0,1.0,-1.5644447629717457,[  0 276],[ 49 279],[ 96 262],[139 237],[187 226],[230 201]
1587,0.0037332628671185955,-4.909510347788866,1.0,1.0,-1.5644447629717457,[  0 276],[ 49 279],[ 96 262],[139 237],[187 226],[230 201]
1588,0.0033938753337441774,-4.91179768203151,1.0,1.0,-1.595904217696016,[  0 276],[ 49 279],[ 96 262],[142 243],[187 222],[231 199]
1589,0.003085341212494707,-4.911549315554883,1.0,1.0,-1.6446729277146777,[  0 276],[ 49 274],[ 97 264],[143 246],[186 220],[230 197]
1590,0.002804855647722461,-4.909910464383493,1.0,1.0,-1.6642081845974401,[  0 276],[ 49 285],[ 93 262],[139 242],[184 220],[228 196]
1591,0.0025498687706567826,-4.907273926083449,1.0,1.0,-1.6406507995986643,[  0 276],[ 49 279],[ 96 262],[142 243],[184 216],[230 197]
1592,0.002318062518778893,-4.904255544160248,1.0,1.0,-1.6406507995986643,[  0 276],[ 49 279],[ 96 262],[142 243],[184 216],[230 197]
1593,0.0021073295625262667,-4.9015115605937005,1.0,1.0,-1.6406507995986643,[  0 276],[ 49 279],[ 96 262],[142 243],[184 216],[230 197]
1594,0.0019157541477511516,-4.898700996012646,1.0,1.0,-1.7482975818413704,[  0 276],[ 49 279],[ 96 262],[142 243],[184 216],[228 192]
1595,0.0017415946797737741,-4.897559000767961,1.0,1.0,-1.7482975818413704,[  0 276],[ 49 279],[ 96 262],[142 243],[184 216],[228 192]
1596,0.001583267890703431,-4.897597065740782,1.0,1.0,-1.7482975818413704,[  0 276],[ 49 279],[ 96 262],[142 243],[184 216],[228 192]
1597,0.001439334446094028,-4.898707912729518,1.0,1.0,-1.7977828429804141,[  0 276],[ 49 274],[ 97 264],[141 240],[186 219],[227 190]
1598,0.0013084858600854801,-4.90146881511189,1.0,1.0,-1.7868847796202614,[  0 276],[ 49 274],[ 96 258],[144 245],[186 219],[227 191]
1599,0.0011895326000777092,-4.905691241191753,1.0,1.0,-1.778671308240144,[  0 276],[ 49 279],[ 96 262],[144 248],[182 216],[225 192]
1600,0.0010813932727979174,-4.91109067113221,1.0,1.0,-1.778671308240144,[  0 276],[ 49 279],[ 96 262],[144 248],[182 216],[225 192]
1601,0.0009830847934526523,-4.917560104582299,1.0,1.0,-1.6403917516122741,[  0 276],[ 49 279],[ 96 262],[144 248],[186 221],[230 197]
1602,0.0008937134485933202,-4.924212689835235,1.0,1.0,-1.661300359255185,[  0 276],[ 49 279],[ 96 262],[144 248],[182 216],[228 197]
1603,0.0008124667714484729,-4.931688753113819,1.0,1.0,-1.6589599265823334,[  0 276],[ 49 279],[ 96 262],[139 237],[184 215],[230 196]
1604,0.0007386061558622481,-4.939509658778614,1.0,1.0,-1.6589599265823334,[  0 276],[ 49 279],[ 96 262],[139 237],[184 215],[230 196]
1605,0.0006714601416929528,-4.947644057521784,1.0,1.0,-1.6673470433849389,[  0 276],[ 49 279],[ 93 256],[141 242],[183 215],[229 196]
1606,0.000610418310629957,-4.956442178384846,1.0,1.0,-1.793680274718102,[  0 276],[ 49 279],[ 93 256],[139 236],[181 209],[227 190]
1607,0.0005549257369363245,-4.967566408875079,1.0,1.0,-1.922235664603719,[  0 276],[ 49 279],[ 93 256],[139 236],[177 204],[223 185]
1608,0.0005044779426693859,-4.9825583125248185,1.0,1.0,-2.0387355954959787,[  0 276],[ 49 279],[ 93 256],[136 231],[174 199],[220 180]
1609,0.00045861631151762356,-5.002225925540036,1.0,1.0,-2.039453557422766,[  0 276],[ 49 274],[ 94 252],[138 228],[177 197],[223 179]
1610,0.00041692391956147593,-5.02548894595898,1.0,1.0,-2.1347550786847704,[  0 276],[ 49 279],[ 87 246],[133 226],[175 199],[219 175]
1611,0.0003790217450558872,-5.053053694895574,1.0,1.0,-2.202476774248306,[  0 276],[ 49 274],[ 91 247],[137 228],[179 201],[219 172]
1612,0.00034456522277807926,-5.0857738208558825,1.0,1.0,-2.1754480061511634,[  0 276],[ 49 274],[ 91 247],[139 234],[174 198],[218 174]
1613,0.0003132411116164357,-5.12281207909097,1.0,1.0,-2.1754480061511634,[  0 276],[ 49 274],[ 91 247],[139 234],[174 198],[218 174]
1614,0.0002847646469240324,-5.16377591212131,1.0,1.0,-2.1903020339604855,[  0 276],[ 49 274],[ 91 247],[137 228],[176 196],[220 172]
1615,0.0002588769517491204,-5.207043093768699,1.0,1.0,-2.291721173900143,[  0 276],[ 49 274],[ 91 247],[139 234],[174 198],[215 169]
1616,0.00023534268340829126,-5.253787216976217,1.0,1.0,-2.1586577543242,[  0 276],[ 49 274],[ 87 242],[135 229],[177 203],[218 175]
1617,0.00021394789400753752,-5.301877694971455,1.0,1.0,-2.074515303652673,[  0 276],[ 49 274],[ 91 247],[137 228],[179 201],[223 177]
1618,0.00019449808546139773,-5.349369935794473,1.0,1.0,-2.087912269780525,[  0 276],[ 49 268],[ 91 241],[137 222],[179 195],[225 176]
1619,0.0001768164413285434,-5.396649620499403,1.0,1.0,-2.087912269780525,[  0 276],[ 49 268],[ 91 241],[137 222],[179 195],[225 176]
1620,0.0001607422193895849,-5.443848074252163,1.0,1.0,-2.159816850753792,[  0 276],[ 49 268],[ 91 241],[135 217],[177 191],[223 173]
1621,0.0001461292903541681,-5.491953198698039,1.0,1.0,-2.159816850753792,[  0 276],[ 49 268],[ 91 241],[135 217],[177 191],[223 173]
1622,0.00013284480941288008,-5.54276819954622,1.0,1.0,-2.277115510805981,[  0 276],[ 49 268],[ 91 241],[135 217],[174 186],[220 168]
1623,0.0001207680085571637,-5.597361134202077,1.0,1.0,-2.2769820350993526,[  0 276],[ 49 268],[ 91 241],[135 217],[170 181],[218 169]
1624,0.00010978909868833064,-5.6554186490053615,1.0,1.0,-2.306567375482998,[  0 276],[ 49 274],[ 83 238],[129 219],[168 187],[214 169]
1625,9.980827153484603e-05,-5.7170292185842655,1.0,1.0,-2.4362283728310614,[  0 276],[ 49 274],[ 87 242],[130 218],[169 186],[213 162]
1626,9.073479230440548e-05,-5.783523572693898,1.0,1.0,-2.4362283728310614,[  0 276],[ 49 274],[ 87 242],[130 218],[169 186],[213 162]
1627,8.248617482218679e-05,-5.852735005040559,1.0,1.0,-2.4312149529249716,[  0 276],[ 49 274],[ 87 242],[133 223],[168 187],[212 163]
1628,7.498743165653345e-05,-5.922595115650995,1.0,1.0,-2.411754187357656,[  0 276],[ 49 274],[ 83 238],[132 231],[167 195],[208 166]
1629,6.817039241503041e-05,-5.991190924276778,1.0,1.0,-2.411754187357656,[  0 276],[ 49 274],[ 83 238],[132 231],[167 195],[208 166]
1630,6.197308401366401e-05,-6.058627577072056,1.0,1.0,-2.30400339603678,[  0 276],[ 49 274],[ 87 242],[135 229],[170 193],[214 169]
1631,5.63391672851491e-05,-6.122241556668019,1.0,1.0,-2.30400339603678,[  0 276],[ 49 274],[ 87 242],[135 229],[170 193],[214 169]
1632,5.1217424804681e-05,-6.1814569011432825,1.0,1.0,-2.30400339603678,[  0 276],[ 49 274],[ 87 242],[135 229],[170 193],[214 169]
1633,4.656129527698273e-05,-6.237042060528325,1.0,1.0,-2.1763005631592858,[  0 276],[ 49 274],[ 91 247],[137 228],[172 192],[218 174]
1634,4.232845025180248e-05,-6.28758564938302,1.0,1.0,-2.170812561560701,[  0 276],[ 49 268],[ 87 236],[135 223],[174 192],[220 174]
1635,3.848040931982044e-05,-6.3332686009909285,1.0,1.0,-2.042803502887504,[  0 276],[ 49 268],[ 87 236],[135 223],[174 192],[222 180]
1636,3.498219029074585e-05,-6.371404225120672,1.0,1.0,-2.03608413366249,[  0 276],[ 48 262],[ 90 235],[134 211],[179 190],[227 178]
1637,3.1801991173405324e-05,-6.4044015158659615,1.0,1.0,-2.0790561107428505,[  0 276],[ 48 262],[ 93 240],[133 211],[175 184],[224 177]
1638,2.8910901066732112e-05,-6.434460973003818,1.0,1.0,-2.1537644700505,[  0 276],[ 48 262],[ 90 235],[134 211],[176 185],[224 173]
1639,2.6282637333392828e-05,-6.462685736769187,1.0,1.0,-2.2710631301026893,[  0 276],[ 48 262],[ 90 235],[134 211],[173 180],[221 168]
1640,2.389330666672075e-05,-6.490842124651188,1.0,1.0,-2.322413782070721,[  0 276],[ 49 268],[ 87 236],[130 212],[169 180],[217 167]
1641,2.1721187878837045e-05,-6.518656071789147,1.0,1.0,-2.4309131213215496,[  0 276],[ 49 268],[ 87 236],[130 212],[169 180],[215 162]
1642,1.9746534435306404e-05,-6.547638245604125,1.0,1.0,-2.418072347553745,[  0 276],[ 49 274],[ 83 238],[131 225],[166 189],[210 165]
1643,1.795139494118764e-05,-6.5759078150279375,1.0,1.0,-2.3898024947251377,[  0 276],[ 49 274],[ 83 238],[132 231],[163 191],[207 168]
1644,1.6319449946534218e-05,-6.60314588440812,1.0,1.0,-2.3068992010975222,[  0 276],[ 49 268],[ 98 263],[130 225],[165 189],[211 171]
1645,1.483586358775838e-05,-6.627912290557574,1.0,1.0,-2.3171396450552546,[  0 276],[ 49 274],[ 83 238],[129 219],[171 192],[215 168]
1646,1.3487148716143981e-05,-6.648803268041953,1.0,1.0,-2.272513720461908,[  0 276],[ 49 274],[ 83 238],[131 225],[170 194],[214 171]
1647,1.2261044287403619e-05,-6.6655625932227185,1.0,1.0,-2.1638377647071074,[  0 276],[ 49 274],[ 83 238],[131 225],[170 194],[216 176]
1648,1.1146403897639653e-05,-6.677152290820444,1.0,1.0,-2.1638377647071074,[  0 276],[ 49 274],[ 83 238],[131 225],[170 194],[216 176]
1649,1.0133094452399684e-05,-6.684307701054959,1.0,1.0,-2.156071762435424,[  0 276],[ 49 274],[ 91 247],[135 223],[174 192],[220 174]
1650,9.211904047636076e-06,-6.687326040928307,1.0,1.0,-2.156024174357859,[  0 276],[ 49 274],[ 91 247],[131 218],[170 187],[218 175]
1651,8.374458225123705e-06,-6.688052087790273,1.0,1.0,-2.2013700337001643,[  0 276],[ 49 274],[ 87 242],[130 218],[169 186],[217 173]
1652,7.6131438410215495e-06,-6.687312584542016,1.0,1.0,-2.3098693729509927,[  0 276],[ 49 274],[ 87 242],[130 218],[169 186],[215 168]
1653,6.921039855474136e-06,-6.686720299456067,1.0,1.0,-2.3098693729509927,[  0 276],[ 49 274],[ 87 242],[130 218],[169 186],[215 168]
1654,6.291854414067396e-06,-6.688003251329637,1.0,1.0,-2.3098693729509927,[  0 276],[ 49 274],[ 87 242],[130 218],[169 186],[215 168]
1655,5.719867649152178e-06,-6.691065800460931,1.0,1.0,-2.318857423846102,[  0 276],[ 49 274],[ 87 242],[133 223],[172 191],[216 167]
1656,5.199879681047434e-06,-6.697614307684271,1.0,1.0,-2.1924984239660334,[  0 276],[ 49 274],[ 87 242],[133 223],[172 191],[218 173]
1657,4.727163346406758e-06,-6.705700418209628,1.0,1.0,-2.095423911295584,[  0 276],[ 49 274],[ 87 242],[133 223],[175 196],[221 177]
1658,4.297421224006144e-06,-6.713274625058399,1.0,1.0,-2.049768813190143,[  0 276],[ 49 274],[ 87 242],[135 229],[174 198],[220 180]
1659,3.906746567278312e-06,-6.718742145054641,1.0,1.0,-2.074515303652673,[  0 276],[ 49 274],[ 91 247],[137 228],[179 201],[223 177]
1660,3.5515877884348296e-06,-6.721032420145088,1.0,1.0,-1.9111919201495475,[  0 276],[ 49 279],[ 90 251],[136 231],[178 204],[224 185]
1661,3.2287161713043906e-06,-6.717506917564751,1.0,1.0,-1.9111919201495475,[  0 276],[ 49 279],[ 90 251],[136 231],[178 204],[224 185]
1662,2.9351965193676276e-06,-6.7072148079302805,1.0,1.0,-1.9111919201495475,[  0 276],[ 49 279],[ 90 251],[136 231],[178 204],[224 185]
1663,2.6683604721523888e-06,-6.6909463387979775,1.0,1.0,-1.783980363261356,[  0 276],[ 49 279],[ 90 251],[136 231],[178 204],[226 191]
1664,2.4257822474112627e-06,-6.667895610521378,1.0,1.0,-1.783980363261356,[  0 276],[ 49 279],[ 90 251],[136 231],[178 204],[226 191]
1665,2.2052565885556934e-06,-6.639809691572157,1.0,1.0,-1.9101802056103618,[  0 276],[ 49 279],[ 93 256],[136 231],[178 204],[224 185]
1666,2.004778716868812e-06,-6.608727591080436,1.0,1.0,-1.9111919201495475,[  0 276],[ 49 279],[ 90 251],[136 231],[178 204],[224 185]
1667,1.8225261062443745e-06,-6.575544020629157,1.0,1.0,-2.0308308531253774,[  0 276],[ 49 274],[ 94 252],[138 228],[180 202],[224 179]
1668,1.6568419147676132e-06,-6.543563407788243,1.0,1.0,-2.039453557422766,[  0 276],[ 49 274],[ 94 252],[138 228],[177 197],[223 179]
1669,1.506219922516012e-06,-6.512793975106263,1.0,1.0,-2.0291273453660814,[  0 276],[ 49 274],[ 96 258],[137 229],[176 198],[222 180]
1670,1.36929083865092e-06,-6.483090703344426,1.0,1.0,-2.0291273453660814,[  0 276],[ 49 274],[ 96 258],[137 229],[176 198],[222 180]
1671,1.2448098533190182e-06,-6.45435731771105,1.0,1.0,-2.039453557422766,[  0 276],[ 49 274],[ 94 252],[138 228],[177 197],[223 179]
1672,1.1316453211991074e-06,-6.426028106095107,1.0,1.0,-2.039453557422766,[  0 276],[ 49 274],[ 94 252],[138 228],[177 197],[223 179]
1673,1.0287684738173704e-06,-6.396586788959774,1.0,1.0,-2.027691851041807,[  0 276],[ 49 279],[ 90 251],[133 226],[175 199],[221 180]
1674,9.352440671067004e-07,-6.365974079901619,1.0,1.0,-2.0274830302189657,[  0 276],[ 49 279],[ 90 251],[138 237],[172 201],[218 182]
1675,8.502218791879094e-07,-6.334293621538769,1.0,1.0,-2.03078502768696,[  0 276],[ 49 279],[ 90 251],[138 237],[176 205],[219 181]
1676,7.729289810799176e-07,-6.301564944897644,1.0,1.0,-2.03078502768696,[  0 276],[ 49 279],[ 90 251],[138 237],[176 205],[219 181]
1677,7.026627100726523e-07,-6.269606419820088,1.0,1.0,-1.9134140787020013,[  0 276],[ 49 279],[ 90 251],[138 237],[176 205],[222 186]
1678,6.387842818842294e-07,-6.238071262941488,1.0,1.0,-1.922235664603719,[  0 276],[ 49 279],[ 93 256],[139 236],[177 204],[223 185]
1679,5.807129835311176e-07,-6.207663850116583,1.0,1.0,-1.922235664603719,[  0 276],[ 49 279],[ 93 256],[139 236],[177 204],[223 185]
1680,5.279208941191978e-07,-6.177944207016001,1.0,1.0,-1.9115240386077872,[  0 276],[ 49 279],[ 93 256],[136 231],[174 199],[222 186]
1681,4.79928085562907e-07,-6.150930878539903,1.0,1.0,-2.020504641068693,[  0 276],[ 49 274],[ 96 258],[137 229],[179 203],[223 180]
1682,4.3629825960264276e-07,-6.127863935210529,1.0,1.0,-2.0291273453660814,[  0 276],[ 49 274],[ 96 258],[137 229],[176 198],[222 180]
1683,3.9663478145694797e-07,-6.108502197073142,1.0,1.0,-2.0291273453660814,[  0 276],[ 49 274],[ 96 258],[137 229],[176 198],[222 180]
1684,3.6057707405177086e-07,-6.094243530340583,1.0,1.0,-2.1481295131775666,[  0 276],[ 49 274],[ 94 252],[138 228],[177 197],[221 174]
1685,3.2779734004706443e-07,-6.086246776264385,1.0,1.0,-2.1481295131775666,[  0 276],[ 49 274],[ 94 252],[138 228],[177 197],[221 174]
1686,2.9799758186096765e-07,-6.082221763116486,1.0,1.0,-2.1481295131775666,[  0 276],[ 49 274],[ 94 252],[138 228],[177 197],[221 174]
1687,2.709068926008797e-07,-6.081793627432415,1.0,1.0,-2.1380162865001386,[  0 276],[ 49 274],[ 96 258],[137 229],[179 203],[220 175]
1688,2.46278993273527e-07,-6.082866032720187,1.0,1.0,-2.137803301120882,[  0 276],[ 49 274],[ 96 258],[137 229],[176 198],[220 175]
1689,2.2388999388502455e-07,-6.085182079486772,1.0,1.0,-2.1380162865001386,[  0 276],[ 49 274],[ 96 258],[137 229],[179 203],[220 175]
1690,2.0353635807729504e-07,-6.088772425744588,1.0,1.0,-2.1380162865001386,[  0 276],[ 49 274],[ 96 258],[137 229],[179 203],[220 175]
1691,1.8503305279754093e-07,-6.093521226085339,1.0,1.0,-2.139041778803348,[  0 276],[ 49 274],[ 96 258],[140 234],[179 203],[220 175]
1692,1.6821186617958267e-07,-6.099196338504847,1.0,1.0,-2.139041778803348,[  0 276],[ 49 274],[ 96 258],[140 234],[179 203],[220 175]
1693,1.5291987834507516e-07,-6.1057135528141355,1.0,1.0,-2.0215301333719022,[  0 276],[ 49 274],[ 96 258],[140 234],[179 203],[223 180]
1694,1.390180712227956e-07,-6.111554269672536,1.0,1.0,-2.0215301333719022,[  0 276],[ 49 274],[ 96 258],[140 234],[179 203],[223 180]
1695,1.26380064747996e-07,-6.116782836404985,1.0,1.0,-2.0215301333719022,[  0 276],[ 49 274],[ 96 258],[140 234],[179 203],[223 180]
1696,1.1489096795272363e-07,-6.1214098757847335,1.0,1.0,-2.0215301333719022,[  0 276],[ 49 274],[ 96 258],[140 234],[179 203],[223 180]
1697,1.0444633450247603e-07,-6.125490072116572,1.0,1.0,-2.0215301333719022,[  0 276],[ 49 274],[ 96 258],[140 234],[179 203],[223 180]
1698,9.495121318406912e-08,-6.13067365134556,1.0,1.0,-2.0215301333719022,[  0 276],[ 49 274],[ 96 258],[140 234],[179 203],[223 180]
1699,8.63192847127901e-08,-6.136740011582389,1.0,1.0,-2.0215301333719022,[  0 276],[ 49 274],[ 96 258],[140 234],[179 203],[223 180]
1700,7.847207701162736e-08,-6.143608900008163,1.0,1.0,-2.0215301333719022,[  0 276],[ 49 274],[ 96 258],[140 234],[179 203],[223 180]
1701,7.133825182875215e-08,-6.151353427142013,1.0,1.0,-2.0215301333719022,[  0 276],[ 49 274],[ 96 258],[140 234],[179 203],[223 180]
1702,6.485295620795649e-08,-6.158407890340556,1.0,1.0,-2.0292885275564405,[  0 276],[ 49 279],[ 93 256],[139 236],[181 209],[221 180]
1703,5.8957232916324085e-08,-6.164823236641828,1.0,1.0,-1.8448407766851633,[  0 276],[ 49 279],[ 93 256],[142 247],[183 219],[223 189]
1704,5.3597484469385533e-08,-6.168142370979154,1.0,1.0,-1.8842147912165905,[  0 276],[ 49 279],[ 96 262],[144 248],[186 221],[223 187]
1705,4.8724985881259576e-08,-6.167560928713619,1.0,1.0,-1.7535320726298953,[  0 276],[ 49 279],[ 96 262],[144 248],[191 232],[224 194]
1706,4.429544171023598e-08,-6.161651470646573,1.0,1.0,-1.4079935148999088,[  0 276],[ 49 279],[ 97 268],[146 260],[191 238],[231 209]
1707,4.02685833729418e-08,-6.146186472427291,1.0,1.0,-1.2869497665293514,[  0 276],[ 49 279],[ 97 268],[146 266],[191 244],[231 215]
1708,3.660780306631073e-08,-6.120521930591979,1.0,1.0,-0.6779507014067746,[  0 276],[ 49 279],[ 98 274],[147 272],[192 250],[241 243]
1709,3.327982096937339e-08,-6.07728344801832,1.0,1.0,-0.5557049742330382,[  0 276],[ 49 279],[ 98 274],[147 278],[192 256],[241 249]
1710,3.025438269943035e-08,-6.0163987641477155,1.0,1.0,-0.9063911591790498,[  0 276],[ 47 291],[ 94 274],[143 272],[190 256],[234 232]
1711,2.750398427220941e-08,-5.9442541634382415,1.0,1.0,-0.8996135700626338,[  0 276],[ 49 279],[ 97 268],[146 272],[195 262],[236 233]
1712,2.500362206564492e-08,-5.8617668690377105,1.0,1.0,-0.694872014143189,[  0 276],[ 49 285],[ 96 268],[145 266],[194 267],[237 243]
1713,2.2730565514222655e-08,-5.767085195519134,1.0,1.0,-0.694872014143189,[  0 276],[ 49 285],[ 96 268],[145 266],[194 267],[237 243]
1714,2.066415046747514e-08,-5.662920154330946,1.0,1.0,-0.5778104232824098,[  0 276],[ 49 285],[ 97 274],[146 272],[195 267],[241 248]
1715,1.878559133406831e-08,-5.548537575385918,1.0,1.0,-0.5384004953395396,[  0 276],[ 49 285],[ 96 268],[145 272],[194 268],[240 250]
1716,1.7077810303698463e-08,-5.424328917644543,1.0,1.0,-0.5392168156207588,[  0 276],[ 49 285],[ 98 280],[147 278],[195 268],[241 250]
1717,1.552528209427133e-08,-5.291198592637595,1.0,1.0,-0.45317206175237396,[  0 276],[ 49 285],[ 98 280],[147 272],[196 273],[242 254]
1718,1.4113892812973938e-08,-5.14878432347283,1.0,1.0,-0.3222665183914311,[  0 276],[ 47 291],[ 95 280],[144 272],[193 273],[241 260]
1719,1.2830811648158125e-08,-4.996145029482402,1.0,1.0,-0.2666192021216813,[  0 276],[ 49 285],[ 98 286],[146 273],[195 275],[243 263]
1720,1.1664374225598295e-08,-4.833451431337691,1.0,1.0,-0.3285046839446032,[  0 276],[ 49 285],[ 97 274],[146 272],[195 273],[243 260]
1721,1.0603976568725723e-08,-4.662461449623036,1.0,1.0,-0.28860661234090745,[  0 276],[ 49 285],[ 97 274],[146 278],[195 274],[243 262]
1722,9.639978698841567e-09,-4.483385236413836,1.0,1.0,-0.2070129600269774,[  0 276],[ 49 285],[ 97 274],[146 272],[195 279],[243 266]
1723,8.763616998946879e-09,-4.295739466666435,1.0,1.0,-0.2059133559995346,[  0 276],[ 49 285],[ 97 274],[146 272],[195 273],[244 266]
1724,7.966924544497162e-09,-4.102803392977629,1.0,1.0,-0.18336648325974608,[  0 276],[ 49 285],[ 96 268],[144 278],[193 274],[242 267]
1725,7.242658676815602e-09,-3.904213576333849,1.0,1.0,-0.2070129600269774,[  0 276],[ 49 285],[ 97 274],[146 272],[195 279],[243 266]
1726,6.584235160741456e-09,-3.7025884823949182,1.0,1.0,-0.2070129600269774,[  0 276],[ 49 285],[ 97 274],[146 272],[195 279],[243 266]
1727,5.9856683279467775e-09,-3.502915934883987,1.0,1.0,-0.2070129600269774,[  0 276],[ 49 285],[ 97 274],[146 272],[195 279],[243 266]
1728,5.441516661769798e-09,-3.3066690261490166,1.0,1.0,-0.08442163208190874,[  0 276],[ 49 285],[ 97 274],[146 272],[195 279],[244 272]
1729,4.946833328881634e-09,-3.120169167262796,1.0,1.0,-0.08442163208190874,[  0 276],[ 49 285],[ 97 274],[146 272],[195 273],[244 272]
1730,4.497121208074213e-09,-2.944197249973261,1.0,1.0,-0.03247113790332812,[  0 276],[ 47 291],[ 91 269],[140 273],[189 275],[238 275]
1731,4.0882920073401935e-09,-2.7723056885108335,1.0,1.0,-0.03247113790332812,[  0 276],[ 47 291],[ 91 269],[140 273],[189 275],[238 275]
1732,3.7166290975819943e-09,-2.604215963106454,1.0,1.0,-0.07401882402730404,[  0 276],[ 47 291],[ 91 269],[140 267],[189 274],[238 273]
1733,3.3787537250745402e-09,-2.442940941964529,1.0,1.0,-0.18581810422601663,[  0 276],[ 49 285],[ 96 268],[145 272],[194 268],[243 267]
1734,3.071594295522309e-09,-2.2893856421548175,1.0,1.0,-0.19446011386587228,[  0 276],[ 47 291],[ 91 269],[140 261],[189 262],[238 267]
1735,2.7923584504748265e-09,-2.1445624108357633,1.0,1.0,-0.33679110377269345,[  0 276],[ 47 291],[ 91 269],[140 261],[189 256],[238 260]
1736,2.538507682249842e-09,-2.0101557088425297,1.0,1.0,-0.531688174045582,[  0 276],[ 47 291],[ 94 274],[140 255],[189 251],[238 250]
1737,2.3077342565907654e-09,-1.8878651346453832,1.0,1.0,-0.5644650306416902,[  0 276],[ 47 291],[ 95 280],[138 255],[187 256],[236 249]
1738,2.097940233264332e-09,-1.7782095167691954,1.0,1.0,-0.5484935165560153,[  0 276],[ 47 291],[ 94 274],[143 266],[190 250],[239 249]
1739,1.9072183938766655e-09,-1.6816075050385417,1.0,1.0,-0.6696169189247215,[  0 276],[ 47 291],[ 94 274],[143 266],[185 239],[234 244]
1740,1.7338349035242414e-09,-1.5992829177852617,1.0,1.0,-0.6699852404736412,[  0 276],[ 47 291],[ 94 274],[143 266],[190 250],[239 243]
1741,1.5762135486584013e-09,-1.5290989369622212,1.0,1.0,-0.5872543549511198,[  0 276],[ 47 291],[ 95 280],[143 266],[191 255],[240 247]
1742,1.432921407871274e-09,-1.4693677872495963,1.0,1.0,-0.5644650306416902,[  0 276],[ 47 291],[ 95 280],[138 255],[187 256],[236 249]
1743,1.3026558253375218e-09,-1.4199410884737744,1.0,1.0,-0.5276722102555642,[  0 276],[ 47 291],[ 96 286],[142 267],[191 257],[240 250]
1744,1.184232568488656e-09,-1.379395346690155,1.0,1.0,-0.5634684311357805,[  0 276],[ 47 291],[ 96 286],[139 261],[188 262],[236 249]
1745,1.0765750622624146e-09,-1.3477187898124467,1.0,1.0,-0.44087710319071194,[  0 276],[ 47 291],[ 96 286],[139 261],[188 262],[237 255]
1746,9.787046020567405e-10,-1.3221109764213084,1.0,1.0,-0.44087710319071194,[  0 276],[ 47 291],[ 96 286],[139 261],[188 262],[237 255]
1747,8.897314564152186e-10,-1.3020202025634153,1.0,1.0,-0.4544617616660929,[  0 276],[ 49 285],[ 96 268],[145 260],[193 273],[239 254]
1748,8.088467785592897e-10,-1.2871301645331368,1.0,1.0,-0.3193853792730861,[  0 276],[ 47 291],[ 96 286],[139 261],[188 268],[237 261]
1749,7.353152532357179e-10,-1.2767978174218542,1.0,1.0,-0.3597486065126907,[  0 276],[ 45 297],[ 87 270],[136 263],[185 271],[233 259]
1750,6.684684120324708e-10,-1.2711592333356534,1.0,1.0,-0.3165542963154874,[  0 276],[ 47 291],[ 91 269],[140 261],[189 268],[238 261]
1751,6.076985563931552e-10,-1.2699071090538185,1.0,1.0,-0.391187206616179,[  0 276],[ 47 291],[ 95 280],[141 261],[190 269],[238 257]
1752,5.524532330846866e-10,-1.2736603970073257,1.0,1.0,-0.342622679129584,[  0 276],[ 47 291],[ 95 280],[143 266],[192 261],[241 259]
1753,5.022302118951697e-10,-1.2807352568073633,1.0,1.0,-0.471227358550238,[  0 276],[ 49 274],[ 97 264],[146 257],[195 265],[243 253]
1754,4.565729199046997e-10,-1.2910588919118187,1.0,1.0,-0.4691348808138486,[  0 276],[ 49 274],[ 97 264],[146 257],[195 259],[244 253]
1755,4.1506629082245427e-10,-1.3041895797378869,1.0,1.0,-0.5922711069207955,[  0 276],[ 49 274],[ 97 264],[146 257],[195 259],[243 247]
1756,3.773329916567766e-10,-1.319610386895423,1.0,1.0,-0.6732106538340582,[  0 276],[ 49 274],[ 97 264],[146 269],[195 260],[242 243]
1757,3.4302999241525144e-10,-1.3355591544902987,1.0,1.0,-0.7028307585673801,[  0 276],[ 49 274],[ 97 264],[145 275],[192 260],[238 242]
1758,3.1184544765022856e-10,-1.3519448395028089,1.0,1.0,-0.6165691438703369,[  0 276],[ 49 285],[ 93 262],[140 277],[184 255],[233 247]
1759,2.8349586150020776e-10,-1.3677692207957406,1.0,1.0,-0.6870563585867588,[  0 276],[ 47 291],[ 95 280],[138 255],[187 256],[235 243]
1760,2.577235104547343e-10,-1.382392832511979,1.0,1.0,-0.6870563585867588,[  0 276],[ 47 291],[ 95 280],[138 255],[187 256],[235 243]
1761,2.342941004133948e-10,-1.3959198129555563,1.0,1.0,-0.6658730983357315,[  0 276],[ 47 291],[ 91 269],[140 273],[187 257],[235 244]
1762,2.1299463673944983e-10,-1.4092891416776896,1.0,1.0,-0.6760902281463439,[  0 276],[ 49 285],[ 96 268],[145 266],[193 256],[241 243]
1763,1.936314879449544e-10,-1.4229652386637834,1.0,1.0,-0.6762234060268132,[  0 276],[ 49 285],[ 96 268],[145 266],[192 250],[241 243]
1764,1.76028625404504e-10,-1.4374237522298403,1.0,1.0,-0.6762234060268132,[  0 276],[ 49 285],[ 96 268],[145 266],[192 250],[241 243]
1765,1.6002602309500363e-10,-1.4521054233111332,1.0,1.0,-0.7020372572868923,[  0 276],[ 47 291],[ 91 269],[139 255],[188 250],[237 242]
1766,1.4547820281363967e-10,-1.4690136718499838,1.0,1.0,-0.804688208597702,[  0 276],[ 47 291],[ 91 269],[139 255],[188 250],[236 237]
1767,1.3225291164876333e-10,-1.4893458674135795,1.0,1.0,-0.7730449620319776,[  0 276],[ 47 291],[ 94 274],[140 255],[189 245],[238 238]
1768,1.2022991968069392e-10,-1.5121739979309288,1.0,1.0,-0.8728475119472237,[  0 276],[ 47 291],[ 91 269],[137 250],[186 246],[234 234]
1769,1.0929992698244903e-10,-1.5404740547558937,1.0,1.0,-0.9021791924604218,[  0 276],[ 49 285],[ 93 262],[142 265],[186 242],[235 233]
1770,9.936356998404456e-11,-1.5735981598596944,1.0,1.0,-0.9198584823424394,[  0 276],[ 49 285],[ 96 268],[145 260],[192 244],[240 231]
1771,9.033051816731324e-11,-1.6119378579453354,1.0,1.0,-1.0459147811282565,[  0 276],[ 49 279],[ 96 262],[145 260],[190 238],[238 225]
1772,8.211865287937568e-11,-1.6557202322210827,1.0,1.0,-1.0464578621481033,[  0 276],[ 49 285],[ 96 268],[145 260],[190 238],[238 225]
1773,7.465332079943244e-11,-1.7051201431492873,1.0,1.0,-1.12662079696734,[  0 276],[ 49 285],[ 93 262],[142 259],[186 236],[234 222]
1774,6.78666552722113e-11,-1.758966336335161,1.0,1.0,-1.1736694190362948,[  0 276],[ 49 285],[ 96 268],[145 260],[190 238],[236 219]
1775,6.169695933837392e-11,-1.8175247102071708,1.0,1.0,-1.1503144995631729,[  0 276],[ 49 285],[ 96 268],[144 254],[191 238],[237 220]
1776,5.60881448530672e-11,-1.8783692781723027,1.0,1.0,-1.12662079696734,[  0 276],[ 49 285],[ 93 262],[142 259],[186 236],[234 222]
1777,5.098922259369746e-11,-1.9398653873651492,1.0,1.0,-1.2423367844508937,[  0 276],[ 49 279],[ 93 256],[142 259],[183 231],[231 217]
1778,4.6353838721543146e-11,-2.003127841529785,1.0,1.0,-1.2471214643180508,[  0 276],[ 49 279],[ 93 256],[142 253],[186 230],[234 216]
1779,4.2139853383221044e-11,-2.0692376042310134,1.0,1.0,-1.1958796091264572,[  0 276],[ 49 274],[ 94 252],[143 245],[188 224],[237 218]
1780,3.830895762111004e-11,-2.1362758873758536,1.0,1.0,-1.1907745211817262,[  0 276],[ 49 274],[ 94 252],[142 239],[189 224],[238 218]
1781,3.4826325110100036e-11,-2.204088665179276,1.0,1.0,-1.2357381228281024,[  0 276],[ 49 274],[ 94 252],[140 233],[187 217],[236 216]
1782,3.1660295554636394e-11,-2.2735075316981925,1.0,1.0,-1.5582253681911304,[  0 276],[ 49 274],[ 91 247],[139 234],[184 213],[232 201]
1783,2.8782086867851266e-11,-2.3486447077159998,1.0,1.0,-1.660683400533749,[  0 276],[ 49 274],[ 96 258],[137 229],[179 203],[228 197]
1784,2.6165533516228423e-11,-2.430375685839101,1.0,1.0,-1.7882332723890855,[  0 276],[ 49 274],[ 96 258],[133 224],[175 198],[224 192]
1785,2.3786848651116747e-11,-2.5198403459468603,1.0,1.0,-1.9114444987495693,[  0 276],[ 49 274],[ 94 252],[138 228],[177 197],[225 185]
1786,2.1624407864651587e-11,-2.6176637720647693,1.0,1.0,-2.0393200817161374,[  0 276],[ 49 274],[ 94 252],[138 228],[173 192],[221 180]
1787,1.9658552604228716e-11,-2.723430048623574,1.0,1.0,-2.028397875967321,[  0 276],[ 49 279],[ 93 256],[133 226],[171 194],[219 181]
1788,1.7871411458389742e-11,-2.8366996579579693,1.0,1.0,-2.1664692912871852,[  0 276],[ 49 279],[ 93 256],[136 231],[170 194],[216 175]
1789,1.624673768944522e-11,-2.9573123270711466,1.0,1.0,-2.1673291403893344,[  0 276],[ 49 274],[ 94 252],[138 228],[173 192],[219 174]
1790,1.476976153585929e-11,-3.084212252827611,1.0,1.0,-2.1481295131775666,[  0 276],[ 49 274],[ 94 252],[138 228],[177 197],[221 174]
1791,1.3427055941690264e-11,-3.216324972117603,1.0,1.0,-2.039453557422766,[  0 276],[ 49 274],[ 94 252],[138 228],[177 197],[223 179]
1792,1.2206414492445694e-11,-3.3499757002397934,1.0,1.0,-2.0308308531253774,[  0 276],[ 49 274],[ 94 252],[138 228],[180 202],[224 179]
1793,1.1096740447677903e-11,-3.4848996302278388,1.0,1.0,-1.9131505167373677,[  0 276],[ 49 274],[ 94 252],[138 228],[183 207],[227 184]
1794,1.0087945861525367e-11,-3.61828315366838,1.0,1.0,-1.9131505167373677,[  0 276],[ 49 274],[ 94 252],[138 228],[183 207],[227 184]
1795,9.17085987411397e-12,-3.74962473540116,1.0,1.0,-1.922154897370577,[  0 276],[ 49 274],[ 94 252],[138 228],[180 202],[226 184]
1796,8.33714534010361e-12,-3.8795512696737875,1.0,1.0,-1.9420635301658293,[  0 276],[ 49 279],[ 93 256],[139 236],[173 199],[221 185]
1797,7.579223036457827e-12,-4.008785974465247,1.0,1.0,-1.9115240386077872,[  0 276],[ 49 279],[ 93 256],[136 231],[174 199],[222 186]
1798,6.890202760416206e-12,-4.135397350468713,1.0,1.0,-1.9011182866928849,[  0 276],[ 49 274],[ 96 258],[137 229],[176 198],[224 186]
1799,6.26382069128746e-12,-4.259416739867884,1.0,1.0,-2.0270540429698953,[  0 276],[ 49 279],[ 93 256],[133 226],[175 199],[221 180]
1800,5.694382446624963e-12,-4.383495836146814,1.0,1.0,-2.0270540429698953,[  0 276],[ 49 279],[ 93 256],[133 226],[175 199],[221 180]
1801,5.176711315113603e-12,-4.507698826242953,1.0,1.0,-2.137803301120882,[  0 276],[ 49 274],[ 96 258],[137 229],[176 198],[220 175]
1802,4.706101195557821e-12,-4.632911524216162,1.0,1.0,-2.137803301120882,[  0 276],[ 49 274],[ 96 258],[137 229],[176 198],[220 175]
1803,4.278273814143473e-12,-4.754644585095394,1.0,1.0,-2.0291273453660814,[  0 276],[ 49 274],[ 96 258],[137 229],[176 198],[222 180]
1804,3.889339831039521e-12,-4.870335239687865,1.0,1.0,-2.0178269878530677,[  0 276],[ 49 279],[ 93 256],[136 231],[178 204],[222 180]
1805,3.535763482763201e-12,-4.978639385437347,1.0,1.0,-2.039606613588678,[  0 276],[ 49 279],[ 93 256],[139 236],[177 204],[220 180]
1806,3.2143304388756373e-12,-5.0788453649574095,1.0,1.0,-1.9041335214806077,[  0 276],[ 49 279],[ 96 262],[139 237],[177 205],[223 186]
1807,2.922118580796034e-12,-5.168098256881527,1.0,1.0,-1.8925054710590905,[  0 276],[ 49 279],[ 90 251],[138 237],[180 210],[224 186]
1808,2.6564714370873034e-12,-5.247384171291068,1.0,1.0,-1.901327056960808,[  0 276],[ 49 279],[ 93 256],[139 236],[181 209],[225 185]
1809,2.4149740337157304e-12,-5.315846699377109,1.0,1.0,-1.7829686487221703,[  0 276],[ 49 279],[ 93 256],[136 231],[178 204],[226 191]
1810,2.195430939741573e-12,-5.372844081841684,1.0,1.0,-1.9041335214806077,[  0 276],[ 49 279],[ 96 262],[139 237],[177 205],[223 186]
1811,1.9958463088559755e-12,-5.421332666013613,1.0,1.0,-2.0387355954959787,[  0 276],[ 49 279],[ 93 256],[136 231],[174 199],[220 180]
1812,1.814405735323614e-12,-5.4654034066890915,1.0,1.0,-2.0270540429698953,[  0 276],[ 49 279],[ 93 256],[133 226],[175 199],[221 180]
1813,1.6494597593851036e-12,-5.505416214437406,1.0,1.0,-2.1673291403893344,[  0 276],[ 49 274],[ 94 252],[138 228],[173 192],[219 174]
1814,1.499508872168276e-12,-5.54525756634931,1.0,1.0,-2.1674150280183984,[  0 276],[ 49 274],[ 94 252],[134 223],[173 192],[219 174]
1815,1.3631898837893418e-12,-5.584944220513964,1.0,1.0,-2.276090983773199,[  0 276],[ 49 274],[ 94 252],[134 223],[173 192],[217 169]
1816,1.2392635307175834e-12,-5.625849398205503,1.0,1.0,-2.276090983773199,[  0 276],[ 49 274],[ 94 252],[134 223],[173 192],[217 169]
1817,1.1266032097432575e-12,-5.667590843201548,1.0,1.0,-2.276090983773199,[  0 276],[ 49 274],[ 94 252],[134 223],[173 192],[217 169]
1818,1.024184736130234e-12,-5.710508978813845,1.0,1.0,-2.2936881402694036,[  0 276],[ 49 274],[ 94 252],[138 228],[173 192],[217 168]
1819,9.310770328456674e-13,-5.754878691010158,1.0,1.0,-2.2936881402694036,[  0 276],[ 49 274],[ 94 252],[138 228],[173 192],[217 168]
1820,8.46433666223334e-13,-5.798850712515437,1.0,1.0,-2.2936881402694036,[  0 276],[ 49 274],[ 94 252],[138 228],[173 192],[217 168]
1821,7.694851511121217e-13,-5.8424611970288645,1.0,1.0,-2.394783216613889,[  0 276],[ 49 274],[ 94 252],[138 228],[177 197],[214 164]
1822,6.995319555564743e-13,-5.885611363615976,1.0,1.0,-2.407410602211373,[  0 276],[ 49 279],[ 93 256],[133 226],[171 194],[211 164]
1823,6.359381414149766e-13,-5.928515250982766,1.0,1.0,-2.3065752017094656,[  0 276],[ 49 274],[ 91 247],[137 228],[176 196],[217 167]
1824,5.781255831045241e-13,-5.971302164811803,1.0,1.0,-2.2553149465523274,[  0 276],[ 49 274],[ 96 258],[137 229],[176 198],[217 170]
1825,5.255687119132037e-13,-6.013437831365918,1.0,1.0,-2.283361928212719,[  0 276],[ 49 274],[ 96 258],[137 229],[172 193],[216 169]
1826,4.777897381029125e-13,-6.055066918887259,1.0,1.0,-2.2656411586090117,[  0 276],[ 49 274],[ 94 252],[138 228],[177 197],[218 169]
1827,4.3435430736628405e-13,-6.097841193503865,1.0,1.0,-2.235541525167834,[  0 276],[ 49 268],[ 97 257],[133 223],[171 191],[217 172]
1828,3.948675521511673e-13,-6.141404662074991,1.0,1.0,-2.288372888759892,[  0 276],[ 49 268],[ 94 246],[138 222],[173 186],[219 168]
1829,3.5897050195560665e-13,-6.18628571302782,1.0,1.0,-2.3145490998489118,[  0 276],[ 49 268],[ 94 246],[134 217],[176 190],[220 166]
1830,3.263368199596424e-13,-6.234335492773028,1.0,1.0,-2.4043203453976405,[  0 276],[ 49 268],[ 94 246],[131 212],[170 181],[216 163]
1831,2.9666983632694767e-13,-6.284837840140269,1.0,1.0,-2.50857075779454,[  0 276],[ 49 274],[ 91 247],[128 213],[167 182],[211 159]
1832,2.6969985120631607e-13,-6.337155908141831,1.0,1.0,-2.50857075779454,[  0 276],[ 49 274],[ 91 247],[128 213],[167 182],[211 159]
1833,2.451816829148328e-13,-6.391283925163588,1.0,1.0,-2.503303111992227,[  0 276],[ 49 268],[ 91 241],[135 217],[174 186],[215 158]
1834,2.2289243901348434e-13,-6.445072676614315,1.0,1.0,-2.503303111992227,[  0 276],[ 49 268],[ 91 241],[135 217],[174 186],[215 158]
1835,2.026294900122585e-13,-6.4985518336237105,1.0,1.0,-2.5474881206739513,[  0 276],[ 49 274],[ 87 242],[133 223],[168 187],[209 158]
1836,1.8420862728387136e-13,-6.5508701191354435,1.0,1.0,-2.5474881206739513,[  0 276],[ 49 274],[ 87 242],[133 223],[168 187],[209 158]
1837,1.6746238843988305e-13,-6.602133066922029,1.0,1.0,-2.4202765637857597,[  0 276],[ 49 274],[ 87 242],[135 229],[170 193],[211 164]
1838,1.5223853494534823e-13,-6.650701913728187,1.0,1.0,-2.4050984723812654,[  0 276],[ 49 274],[ 87 242],[135 229],[174 198],[211 165]
1839,1.3839866813213474e-13,-6.69637464262622,1.0,1.0,-2.283947345401992,[  0 276],[ 49 274],[ 91 247],[135 223],[170 187],[216 169]
1840,1.258169710292134e-13,-6.737762476239877,1.0,1.0,-2.264747718190224,[  0 276],[ 49 274],[ 91 247],[135 223],[174 192],[218 169]
1841,1.1437906457201219e-13,-6.774993137405757,1.0,1.0,-2.276090983773199,[  0 276],[ 49 274],[ 94 252],[134 223],[173 192],[217 169]
1842,1.0398096779273835e-13,-6.807220662563275,1.0,1.0,-2.202242277147347,[  0 276],[ 49 274],[ 94 252],[126 214],[168 187],[216 174]
1843,9.452815253885304e-14,-6.833720662819237,1.0,1.0,-2.294217843356665,[  0 276],[ 49 274],[ 87 242],[130 218],[165 182],[213 170]
1844,8.593468412623003e-14,-6.857643062710755,1.0,1.0,-2.3333469205286566,[  0 276],[ 49 274],[ 87 242],[123 208],[165 181],[213 168]
1845,7.812244011475458e-14,-6.880454771348176,1.0,1.0,-2.4346472124678167,[  0 276],[ 49 274],[ 91 247],[123 209],[162 177],[210 164]
1846,7.102040010432234e-14,-6.9032556694402185,1.0,1.0,-2.5270336593715186,[  0 276],[ 48 262],[ 90 235],[130 206],[169 175],[215 157]
1847,6.456400009483849e-14,-6.927548201807019,1.0,1.0,-2.519739852208563,[  0 276],[ 49 268],[ 83 232],[127 208],[166 177],[212 159]
1848,5.869454554076227e-14,-6.953507753872848,1.0,1.0,-2.5432706504004194,[  0 276],[ 49 268],[ 87 236],[130 212],[165 176],[211 158]
1849,5.335867776432933e-14,-6.98058322522779,1.0,1.0,-2.5399686529324246,[  0 276],[ 49 268],[ 83 232],[129 213],[164 177],[210 159]
1850,4.8507888876663025e-14,-7.008271193092513,1.0,1.0,-2.5399686529324246,[  0 276],[ 49 268],[ 83 232],[129 213],[164 177],[210 159]
1851,4.409808079696638e-14,-7.035291822617736,1.0,1.0,-2.5522587012955293,[  0 276],[ 49 268],[ 87 236],[133 217],[168 181],[212 157]
1852,4.008916436087853e-14,-7.060451775961132,1.0,1.0,-2.4351305915950823,[  0 276],[ 49 274],[ 87 242],[133 223],[172 191],[213 162]
1853,3.644469487352593e-14,-7.082323004006955,1.0,1.0,-2.4351305915950823,[  0 276],[ 49 274],[ 87 242],[133 223],[172 191],[213 162]
1854,3.3131540794114486e-14,-7.101276313315925,1.0,1.0,-2.318857423846102,[  0 276],[ 49 274],[ 87 242],[133 223],[172 191],[216 167]
1855,3.011958254010408e-14,-7.115991426031177,1.0,1.0,-2.264747718190224,[  0 276],[ 49 274],[ 91 247],[135 223],[174 192],[218 169]
1856,2.738143867282189e-14,-7.1255132502839,1.0,1.0,-2.2649607035694803,[  0 276],[ 49 274],[ 91 247],[135 223],[177 197],[218 169]
1857,2.4892216975292624e-14,-7.130316807553133,1.0,1.0,-2.3214668220739867,[  0 276],[ 49 274],[ 94 252],[134 223],[176 196],[216 167]
1858,2.262928815935693e-14,-7.133336272229094,1.0,1.0,-2.3214668220739867,[  0 276],[ 49 274],[ 94 252],[134 223],[176 196],[216 167]
1859,2.0572080144869937e-14,-7.134940808521232,1.0,1.0,-2.3214668220739867,[  0 276],[ 49 274],[ 94 252],[134 223],[176 196],[216 167]
1860,1.870189104079085e-14,-7.136911107105066,1.0,1.0,-2.2656411586090117,[  0 276],[ 49 274],[ 94 252],[138 228],[177 197],[218 169]
1861,1.700171912799168e-14,-7.1387144709142625,1.0,1.0,-2.2936881402694036,[  0 276],[ 49 274],[ 94 252],[138 228],[173 192],[217 168]
1862,1.5456108298174255e-14,-7.140593853783935,1.0,1.0,-2.2656411586090117,[  0 276],[ 49 274],[ 94 252],[138 228],[177 197],[218 169]
1863,1.4051007543794777e-14,-7.143166913867205,1.0,1.0,-2.1860413580266975,[  0 276],[ 49 274],[ 94 252],[140 233],[175 197],[219 173]
1864,1.2773643221631614e-14,-7.144030925506588,1.0,1.0,-2.1899569966968078,[  0 276],[ 49 274],[ 94 252],[140 233],[179 201],[220 172]
1865,1.1612402928756012e-14,-7.142861073490137,1.0,1.0,-2.1899569966968078,[  0 276],[ 49 274],[ 94 252],[140 233],[179 201],[220 172]
1866,1.0556729935232738e-14,-7.138460886896487,1.0,1.0,-2.1740368339595793,[  0 276],[ 49 279],[ 93 256],[139 236],[177 204],[217 174]
1867,9.597027213847944e-15,-7.129647124192097,1.0,1.0,-2.039606613588678,[  0 276],[ 49 279],[ 93 256],[139 236],[177 204],[220 180]
1868,8.724570194407221e-15,-7.115087341206925,1.0,1.0,-2.039606613588678,[  0 276],[ 49 279],[ 93 256],[139 236],[177 204],[220 180]
1869,7.93142744946111e-15,-7.094983028900245,1.0,1.0,-2.039606613588678,[  0 276],[ 49 279],[ 93 256],[139 236],[177 204],[220 180]
1870,7.21038859041919e-15,-7.069883262630394,1.0,1.0,-2.0089631406355415,[  0 276],[ 49 274],[ 96 258],[142 240],[177 205],[221 182]
1871,6.554898718562901e-15,-7.039824309035572,1.0,1.0,-2.0215044704655667,[  0 276],[ 49 279],[ 96 262],[139 237],[177 205],[220 181]
1872,5.958998835057182e-15,-7.005260429892598,1.0,1.0,-1.922235664603719,[  0 276],[ 49 279],[ 93 256],[139 236],[177 204],[223 185]
1873,5.417271668233802e-15,-6.966844699849103,1.0,1.0,-1.9180052547581325,[  0 276],[ 49 274],[ 97 264],[141 240],[176 204],[222 186]
1874,4.924792425667093e-15,-6.924869599761785,1.0,1.0,-1.922235664603719,[  0 276],[ 49 279],[ 93 256],[139 236],[177 204],[223 185]
1875,4.4770840233337205e-15,-6.8813019393291,1.0,1.0,-2.0089631406355415,[  0 276],[ 49 274],[ 96 258],[142 240],[177 205],[221 182]
1876,4.070076384848837e-15,-6.838207003787278,1.0,1.0,-1.912854177617102,[  0 276],[ 49 274],[ 96 258],[140 234],[179 203],[225 185]
1877,3.7000694407716695e-15,-6.794228337031725,1.0,1.0,-1.9099713847875204,[  0 276],[ 49 279],[ 93 256],[141 242],[175 206],[221 187]
1878,3.3636994916106085e-15,-6.7486364294727705,1.0,1.0,-1.922235664603719,[  0 276],[ 49 279],[ 93 256],[139 236],[177 204],[223 185]
1879,3.057908628736917e-15,-6.701745179544581,1.0,1.0,-1.9042314733197137,[  0 276],[ 49 274],[ 96 258],[140 234],[182 208],[226 185]
1880,2.779916935215379e-15,-6.6534271975813954,1.0,1.0,-1.9042314733197137,[  0 276],[ 49 274],[ 96 258],[140 234],[182 208],[226 185]
1881,2.5271972138321627e-15,-6.604573445542736,1.0,1.0,-1.7955555175649132,[  0 276],[ 49 274],[ 96 258],[140 234],[182 208],[228 190]
1882,2.2974520125746932e-15,-6.553368226107076,1.0,1.0,-1.8743610666201704,[  0 276],[ 49 274],[ 96 258],[142 240],[177 205],[224 188]
1883,2.0885927387042666e-15,-6.501482389002082,1.0,1.0,-1.795902433270556,[  0 276],[ 49 279],[ 93 256],[141 242],[179 210],[225 191]
1884,1.898720671549333e-15,-6.448993369932686,1.0,1.0,-1.8640843121491826,[  0 276],[ 49 279],[ 96 262],[142 243],[181 211],[225 187]
1885,1.7261097014084847e-15,-6.396832361443949,1.0,1.0,-1.7906912527988368,[  0 276],[ 49 285],[ 90 257],[136 237],[178 210],[224 191]
1886,1.569190637644077e-15,-6.343968729946489,1.0,1.0,-1.7906912527988368,[  0 276],[ 49 285],[ 90 257],[136 237],[178 210],[224 191]
1887,1.4265369433127972e-15,-6.290683443387516,1.0,1.0,-1.8983380350415429,[  0 276],[ 49 285],[ 90 257],[136 237],[178 210],[222 186]
1888,1.2968517666479973e-15,-6.240315884080988,1.0,1.0,-1.8983380350415429,[  0 276],[ 49 285],[ 90 257],[136 237],[178 210],[222 186]
1889,1.1789561514981794e-15,-6.192600804094865,1.0,1.0,-1.8906857170826186,[  0 276],[ 49 285],[ 96 268],[139 243],[181 216],[221 187]
1890,1.0717783195437995e-15,-6.147192719155125,1.0,1.0,-1.7836328541298971,[  0 276],[ 49 285],[ 96 268],[139 243],[177 211],[223 192]
1891,9.743439268579996e-16,-6.102839956212103,1.0,1.0,-1.7627242464869861,[  0 276],[ 49 285],[ 96 268],[139 243],[181 216],[225 192]
1892,8.857672062345451e-16,-6.058990441391466,1.0,1.0,-1.65507746424428,[  0 276],[ 49 285],[ 96 268],[139 243],[181 216],[227 197]
1893,8.052429147586774e-16,-6.01548417973144,1.0,1.0,-1.654048939616432,[  0 276],[ 49 279],[ 97 268],[137 238],[182 216],[228 197]
1894,7.320390134169794e-16,-5.972333628470393,1.0,1.0,-1.6159404879436783,[  0 276],[ 49 279],[ 97 268],[143 249],[182 217],[228 199]
1895,6.65490012197254e-16,-5.9289291021877135,1.0,1.0,-1.6673470433849389,[  0 276],[ 49 279],[ 93 256],[141 242],[183 215],[229 196]
1896,6.049909201793218e-16,-5.884812040604587,1.0,1.0,-1.6675464588917164,[  0 276],[ 49 274],[ 96 258],[140 234],[182 208],[230 196]
1897,5.499917456175653e-16,-5.841360515728217,1.0,1.0,-1.6661392902526861,[  0 276],[ 49 274],[ 96 258],[137 229],[182 208],[230 196]
1898,4.999924960159684e-16,-5.798534146369679,1.0,1.0,-1.6812907467980558,[  0 276],[ 49 274],[ 94 252],[134 223],[179 202],[228 196]
1899,4.545386327417895e-16,-5.7563154708009305,1.0,1.0,-1.7971523158067397,[  0 276],[ 49 274],[ 94 252],[131 218],[176 197],[225 191]
1900,4.1321693885617224e-16,-5.716474686317801,1.0,1.0,-2.0379688783016965,[  0 276],[ 49 274],[ 94 252],[131 218],[173 192],[221 180]
1901,3.756517625965202e-16,-5.682079483219255,1.0,1.0,-2.156024174357859,[  0 276],[ 49 274],[ 91 247],[131 218],[170 187],[218 175]
1902,3.415016023604729e-16,-5.655726598449571,1.0,1.0,-2.3294538340355384,[  0 276],[ 49 274],[ 94 252],[126 214],[168 187],[214 168]
1903,3.104560021458845e-16,-5.637975240941887,1.0,1.0,-2.391272097742351,[  0 276],[ 49 274],[ 91 247],[128 213],[170 187],[214 164]
1904,2.8223272922353136e-16,-5.629956320450425,1.0,1.0,-2.548585901909931,[  0 276],[ 49 274],[ 87 242],[130 218],[165 182],[209 158]
1905,2.565752083850285e-16,-5.632000505318562,1.0,1.0,-2.523446666299682,[  0 276],[ 49 274],[ 96 258],[129 220],[164 184],[208 160]
1906,2.3325018944093502e-16,-5.643850974473697,1.0,1.0,-2.4797500852475625,[  0 276],[ 49 268],[ 97 257],[129 218],[167 186],[210 162]
1907,2.120456267644864e-16,-5.664020385057212,1.0,1.0,-2.4953996846392905,[  0 276],[ 49 274],[ 96 258],[129 220],[168 189],[209 161]
1908,1.9276875160407854e-16,-5.690497962627649,1.0,1.0,-2.377888039207845,[  0 276],[ 49 274],[ 96 258],[129 220],[168 189],[212 166]
1909,1.752443196400714e-16,-5.721107805930314,1.0,1.0,-2.260589379155656,[  0 276],[ 49 274],[ 96 258],[129 220],[171 194],[215 171]
1910,1.5931301785461035e-16,-5.753979077051915,1.0,1.0,-2.156677217221419,[  0 276],[ 49 274],[ 96 258],[133 224],[172 193],[218 175]
1911,1.4483001623146396e-16,-5.788949019386437,1.0,1.0,-2.1380162865001386,[  0 276],[ 49 274],[ 96 258],[137 229],[179 203],[220 175]
1912,1.3166365111951268e-16,-5.825857494781636,1.0,1.0,-2.0000987511972306,[  0 276],[ 49 279],[ 96 262],[136 232],[178 205],[222 181]
1913,1.1969422829046607e-16,-5.864115489962994,1.0,1.0,-1.7578132595210847,[  0 276],[ 49 285],[ 97 274],[137 244],[179 217],[223 193]
1914,1.0881293480951461e-16,-5.900310453581109,1.0,1.0,-1.6453129653062053,[  0 276],[ 49 285],[ 98 280],[141 255],[183 228],[223 199]
1915,9.892084982683146e-17,-5.93361549974343,1.0,1.0,-1.5403476429508922,[  0 276],[ 49 285],[ 90 257],[139 255],[184 233],[224 204]
1916,8.99280452971195e-17,-5.962161004430531,1.0,1.0,-1.3175595072041801,[  0 276],[ 49 285],[ 90 257],[137 272],[175 240],[218 216]
1917,8.175276845192682e-17,-5.983338913895792,1.0,1.0,-1.4048521285167332,[  0 276],[ 49 285],[ 96 268],[145 266],[187 239],[227 210]
1918,7.432069859266075e-17,-5.999028552113266,1.0,1.0,-0.19497383161912862,[  0 276],[ 49 285],[ 96 268],[144 254],[191 238],[232 265]
1919,6.756427144787341e-17,-5.9930239016494395,1.0,1.0,-1.1904150249331984,[  0 276],[ 47 291],[ 91 269],[139 255],[187 244],[230 219]
1920,6.14220649526122e-17,-5.979291438170413,1.0,1.0,-1.1837009348417538,[  0 276],[ 47 291],[ 91 269],[139 255],[188 250],[228 220]
1921,5.583824086601109e-17,-5.955158272142298,1.0,1.0,-1.0771977479636785,[  0 276],[ 49 285],[ 93 262],[141 248],[190 243],[236 224]
1922,5.076203715091917e-17,-5.918507760847728,1.0,1.0,-1.0724745144990226,[  0 276],[ 49 285],[ 93 262],[141 248],[190 249],[233 225]
1923,4.614730650083561e-17,-5.868048487131712,1.0,1.0,-1.2142007264184043,[  0 276],[ 49 274],[ 96 258],[144 245],[193 241],[237 217]
1924,4.195209681894146e-17,-5.806125446871825,1.0,1.0,-1.1293248378735146,[  0 276],[ 47 291],[ 89 263],[135 244],[184 246],[228 222]
1925,3.813826983540133e-17,-5.730478213944158,1.0,1.0,-1.2807731202591541,[  0 276],[ 49 279],[ 96 262],[145 260],[190 238],[234 214]
1926,3.467115439581939e-17,-5.644762453836636,1.0,1.0,-1.3072888622927321,[  0 276],[ 47 291],[ 91 269],[139 255],[187 244],[227 214]
1927,3.1519231268926716e-17,-5.5508509279713225,1.0,1.0,-1.277538015041662,[  0 276],[ 47 291],[ 91 269],[140 267],[185 245],[225 216]
1928,2.8653846608115196e-17,-5.448869608962888,1.0,1.0,-1.150214198783366,[  0 276],[ 47 291],[ 94 274],[143 272],[190 256],[227 222]
1929,2.6048951461922906e-17,-5.339418312040341,1.0,1.0,-0.9365693193707918,[  0 276],[ 47 291],[ 95 280],[143 266],[192 267],[228 233]
1930,2.368086496538446e-17,-5.221862314022778,1.0,1.0,-0.872052102435616,[  0 276],[ 49 285],[ 98 280],[146 267],[195 269],[232 236]
1931,2.1528059059440415e-17,-5.0974756097142775,1.0,1.0,-0.5675901002194593,[  0 276],[ 47 291],[ 94 274],[143 272],[192 273],[235 249]
1932,1.9570962781309468e-17,-4.9629818850754495,1.0,1.0,-0.537477581295879,[  0 276],[ 47 291],[ 94 274],[143 278],[192 274],[236 250]
1933,1.7791784346644972e-17,-4.820770028541497,1.0,1.0,-0.32461302943314274,[  0 276],[ 45 297],[ 90 275],[139 280],[188 277],[235 260]
1934,1.6174349406040884e-17,-4.67194288310034,1.0,1.0,-0.20231670413454034,[  0 276],[ 45 297],[ 90 275],[139 280],[188 283],[235 266]
1935,1.4703954005491713e-17,-4.516968256410585,1.0,1.0,-0.24940735633000932,[  0 276],[ 45 297],[ 92 281],[141 280],[190 288],[234 264]
1936,1.3367230914083376e-17,-4.358478500965976,1.0,1.0,-0.32461302943314274,[  0 276],[ 45 297],[ 90 275],[139 280],[188 277],[235 260]
1937,1.215202810371216e-17,-4.200856725864909,1.0,1.0,-0.25598078193150337,[  0 276],[ 45 297],[ 94 292],[142 279],[191 275],[239 263]
1938,1.1047298276101963e-17,-4.041897775592322,1.0,1.0,-0.28310952274261303,[  0 276],[ 47 291],[ 94 274],[143 278],[192 274],[240 262]
1939,1.0042998432819967e-17,-3.898591489314382,1.0,1.0,-0.3895920740448849,[  0 276],[ 47 291],[ 96 292],[144 279],[193 275],[239 257]
1940,9.12999857529088e-18,-3.7573927342768685,1.0,1.0,-0.023711270555522357,[  0 276],[ 47 291],[ 96 292],[145 285],[194 293],[240 275]
1941,8.299998704809891e-18,-3.6132121888206803,1.0,1.0,-0.017058603036280096,[  0 276],[ 45 297],[ 94 298],[143 291],[192 293],[238 275]
1942,7.545453368008991e-18,-3.467682522793317,1.0,1.0,0.11095045563691677,[  0 276],[ 45 297],[ 94 298],[143 291],[192 293],[240 281]
1943,0.01008640505790153,-3.3192452131756784,1.0,1.0,0.2917496098971523,[  0 276],[ 45 297],[ 92 281],[141 286],[190 289],[239 290]
1944,0.0457785560102804,-3.163766518028068,1.0,1.0,0.22209179976558596,[  0 276],[ 49 285],[ 98 292],[147 291],[196 293],[245 287]
1945,0.09841612958204174,-3.0039938410169795,1.0,1.0,0.3543815391892698,[  0 276],[ 45 297],[ 94 298],[142 285],[191 293],[240 293]
1946,0.17848497275539477,-2.836448389287148,1.0,1.0,0.22788198977168977,[  0 276],[ 47 291],[ 96 292],[145 291],[194 293],[243 287]
1947,0.27199137471041474,-2.663200194277332,1.0,1.0,0.10474576366474284,[  0 276],[ 47 291],[ 96 292],[145 291],[194 293],[242 281]
1948,0.3665195368208641,-2.4868525109224118,1.0,1.0,0.10474576366474284,[  0 276],[ 47 291],[ 96 292],[145 291],[194 293],[242 281]
1949,0.46197657179988555,-2.309423344748192,1.0,1.0,0.10639026585406397,[  0 276],[ 47 291],[ 96 292],[145 285],[194 287],[243 281]
1950,0.5584275368584564,-2.133901926609471,1.0,1.0,-0.03591007890391916,[  0 276],[ 47 291],[ 96 292],[145 285],[194 281],[243 274]
1951,0.646110232366248,-1.9629350643442929,1.0,1.0,-0.14402787417661267,[  0 276],[ 49 285],[ 98 286],[147 279],[196 281],[244 269]
1952,0.7258217737369677,-1.8017347955662737,1.0,1.0,-0.15850140684898778,[  0 276],[ 47 291],[ 96 292],[144 279],[193 275],[242 268]
1953,0.7982868113467129,-1.6500212397528897,1.0,1.0,-0.19393545252646766,[  0 276],[ 45 297],[ 93 286],[141 272],[190 273],[239 266]
1954,0.864164118264663,-1.5103178584192678,1.0,1.0,-0.13781038553901154,[  0 276],[ 45 297],[ 94 292],[140 273],[189 275],[238 269]
1955,0.9240525790991632,-1.3824351528623997,1.0,1.0,0.4600934955955825,[  0 276],[ 47 291],[ 96 292],[142 273],[191 275],[235 298]
1956,1.0186160246118707,-1.2565031361935342,1.0,1.0,-0.14341261897919616,[  0 276],[ 47 291],[ 96 292],[142 273],[191 275],[240 269]
1957,1.0881100286730643,-1.1395485699883754,1.0,1.0,0.007403893061937436,[  0 276],[ 45 297],[ 92 281],[141 274],[190 276],[239 276]
1958,1.1280154158258306,-1.0296346278701387,1.0,1.0,-0.11443854395797977,[  0 276],[ 45 297],[ 92 281],[141 274],[190 276],[239 270]
1959,1.1489593151661062,-0.9274128035064967,1.0,1.0,-0.09842027398594268,[  0 276],[ 47 291],[ 95 280],[144 272],[193 267],[242 271]
1960,1.1415290600155439,-0.8305133477205638,1.0,1.0,-0.16422123981955342,[  0 276],[ 47 291],[ 96 292],[142 273],[191 269],[240 268]
1961,1.147547916175399,-0.7443389784051344,1.0,1.0,-0.2613983129899898,[  0 276],[ 45 297],[ 93 286],[139 267],[188 269],[237 263]
1962,1.175232304498332,-0.6693305477995674,1.0,1.0,-0.2258007198763055,[  0 276],[ 49 274],[ 97 264],[146 263],[195 265],[244 265]
